행정동코드,행정동명,유동인구_구간,평균_유동인구,편의점_수,평균_매출(원),편의점당_매출(원),주말_매출_비율(%),여성_매출_비율(%),20대_매출_비율(%),30대_매출_비율(%),60대+_매출_비율(%),야간_매출_비율(%),점심_매출_비율(%)
11680750,수서동,1_하위20%,2236113,14,8699190278,621370734,25.4,43.3,17.1,29,10,12.7,18.2
11710642,문정2동,1_하위20%,2826795,62,8332065322,134388150,18,36.8,19.2,32.8,5.3,14.8,20.8
11680720,일원본동,1_하위20%,2480840,14,6533498203,466678443,18.3,53.2,10.1,23.8,19.8,9.1,24.1
11140520,소공동,1_하위20%,2709080,49,6392294656,130454993,10.9,38.4,16.9,29.7,5.4,8.8,25.4
11170650,이태원1동,1_하위20%,2595249,20,6196627455,309831373,38.2,36.4,30.3,32.6,9.1,42.7,9.9
11710710,잠실6동,1_하위20%,2398580,20,3553436760,177671838,32,46.7,26.4,29.8,5.5,13.3,18.9
11470680,신정7동,1_하위20%,3082010,8,3387737926,423467241,30.7,54.8,13.5,18.5,9.2,19,18.3
11140570,필동,1_하위20%,2381580,34,2702725713,79491933,16.1,34.4,30.6,18.5,8.2,15.3,20.9
11590520,노량진2동,1_하위20%,3274477,14,2604293393,186020957,26.7,36,27.8,29.9,8.7,29,14.5
11500604,가양2동,1_하위20%,2076120,6,2521281157,420213526,27.8,37.6,15.4,31.1,16.9,26.2,14.7
11545700,시흥4동,1_하위20%,2304953,12,2408224543,200685379,29.1,35.3,13.3,24.8,15.4,31.2,10.4
11650570,반포2동,1_하위20%,1624916,10,2017123253,201712325,41.2,39.5,23.1,22.8,7.1,27.1,11.1
11170530,남영동,1_하위20%,2146524,28,1781698269,63632081,22.8,42.2,24.9,29,5.3,21.7,16.7
11290640,정릉3동,1_하위20%,2913613,27,1772984788,65666103,28,33,25.3,18.5,10.5,34.8,11.1
11320700,방학2동,1_하위20%,2943425,18,1768023277,98223515,30.4,33.8,10,19.3,20.1,26.2,13
11110670,창신1동,1_하위20%,2902478,10,1650079367,165007937,28.1,44.3,22.3,26.6,13.2,26.3,16
11740540,명일2동,1_하위20%,2159541,15,1637655533,109177036,29.9,49.8,16.6,21.1,8.2,20.7,16.2
11710690,잠실4동,1_하위20%,2098859,3,1608076150,536025383,30.6,33.9,14.2,20,10.9,29.8,12.4
11170660,이태원2동,1_하위20%,2899849,13,1563610851,120277758,31.3,37.1,19.4,35.6,6.8,36.5,10.9
11740560,고덕2동,1_하위20%,2212319,15,1521733997,101448933,30.9,49.2,16.8,25.2,11.4,22.2,15
11470580,신월3동,1_하위20%,2746858,13,1455473439,111959495,28,31.7,11.3,26.1,12.6,31.6,14.3
11500641,방화3동,1_하위20%,2734881,15,1453830144,96922010,43.8,27.2,11.4,22.2,16.4,17.9,19.3
11710566,오륜동,1_하위20%,689130,11,1421325882,129211444,51.3,54.1,21.6,26.8,8.6,8.8,22.5
11140635,약수동,1_하위20%,2079093,9,1396049794,155116644,27.4,34.8,19,29.2,10.9,32.3,11.4
11740690,둔촌1동,1_하위20%,12213,6,1371168577,228528096,34.1,36.7,10.2,31.4,10.4,30.4,11.9
11215780,능동,1_하위20%,2271663,23,1281800383,55730451,26.1,35.2,21.4,29.5,6.5,32.9,13.9
11680730,일원1동,1_하위20%,2641588,15,1271635195,84775680,29,30.7,19.2,28,10.8,36.3,10.8
11380640,증산동,1_하위20%,3264642,13,1240429324,95417640,29.6,34.8,14.5,27.9,12.8,28.9,10.9
11650620,방배3동,1_하위20%,3239925,12,1231523107,102626926,23,34.4,17.1,21.8,14,16.8,21.4
11140580,장충동,1_하위20%,2191863,13,1188427854,91417527,31.6,38.4,33.2,28.1,5.1,25,14.3
11710590,송파2동,1_하위20%,3151825,15,1104542996,73636200,29.1,34,16.8,29.3,8.4,32.8,11.6
11530595,가리봉동,1_하위20%,3107482,10,1022223883,102222388,29.1,29.8,26.3,29.6,8.2,34.1,10.1
11710631,가락1동,1_하위20%,769493,13,956394446,73568804,23.9,16.4,13.6,28.1,8.6,35.3,8.9
11230570,전농2동,1_하위20%,2488180,16,937553700,58597106,22.6,36.7,32.6,21.9,6.8,24.9,16.2
11740580,암사2동,1_하위20%,2452216,8,929616295,116202037,26.6,33.6,16.1,29.2,12.7,29,12.7
11680670,개포2동,1_하위20%,1980636,14,918182921,65584494,29.3,37,14,20.9,13.9,24,15.1
11140645,청구동,1_하위20%,3185894,6,915905313,152650885,26.7,36.6,18,32,7.5,31.4,12.4
11110540,삼청동,1_하위20%,944744,7,878124510,125446359,31.9,48.6,24.5,26,8.3,8,23.8
11410710,북가좌1동,1_하위20%,2796359,11,840814036,76437640,29.4,31.2,12.8,25.3,15.1,29.6,10.7
11110570,무악동,1_하위20%,1879520,6,836264977,139377496,31.7,32.1,13.1,20.1,20.2,23.3,16.5
11110600,가회동,1_하위20%,1301974,8,815769736,101971217,23.3,28.1,12.7,25.3,11.5,17,17.5
11140680,중림동,1_하위20%,1990325,11,790137296,71830663,23.5,31.9,14.6,30.3,9.5,22.7,18.5
11470611,신월7동,1_하위20%,2098602,16,789196454,49324778,29.6,32,12,28.5,15.7,34.9,10.5
11110550,부암동,1_하위20%,1071394,11,750210733,68200976,25.5,38.9,18.8,19.7,10.8,21.8,18.4
11350624,중계4동,1_하위20%,2935903,7,734499580,104928511,31.3,32.3,15.3,20.3,11.5,31.8,11.1
11470600,신월5동,1_하위20%,2657212,12,726273049,60522754,31.1,29.1,16.6,27.5,11.8,35.4,10.3
11530790,수궁동,1_하위20%,1848513,17,705898010,41523412,24.4,27.3,13.8,26.2,13.3,26.2,12.5
11170640,이촌2동,1_하위20%,1642507,6,691593171,115265528,31.1,31.6,10.7,29.3,10.6,31.3,11.9
11710670,잠실2동,1_하위20%,2013248,16,688754226,43047139,30.4,35.4,14.3,21.5,6.2,30.4,11.9
11650580,반포3동,1_하위20%,3199228,10,642448257,64244826,34.3,38.9,16.4,16.9,6,26.3,12.3
11305603,번2동,1_하위20%,2993958,8,636066340,79508292,30.1,29.7,19.2,24.2,10.9,30.4,13
11170590,용문동,1_하위20%,2644010,6,588708063,98118010,29.6,35,17.9,30,10.1,33.4,11.6
11530520,구로1동,1_하위20%,2001553,10,556633031,55663303,29.3,49.4,17.5,26.9,10.8,22.8,13.8
11380632,신사2동,1_하위20%,2948361,12,529797762,44149814,27.4,34.8,14.5,24.6,13.5,29.1,11.7
11170690,서빙고동,1_하위20%,1809148,12,519619638,43301636,28.6,30.4,11.6,24.4,10.8,30.3,12.6
11110560,평창동,1_하위20%,837450,9,502103034,55789226,31.1,31.8,11.1,16.7,16.6,22,15.7
11545690,시흥3동,1_하위20%,1256826,5,495184950,99036990,27.5,28.9,12.8,24.3,15.5,25.6,12
11290590,돈암2동,1_하위20%,2767497,5,399595723,79919145,32.4,34.7,11,22,18.7,29.9,11.6
11260550,면목5동,1_하위20%,2409358,8,382987353,47873419,30.4,33.9,11.9,28.1,11.2,30.4,11.7
11290580,돈암1동,1_하위20%,2680892,6,367997579,61332930,29.2,54.9,23,21.4,7.6,20.6,13.6
11200650,성수1가1동,1_하위20%,3153456,13,365500846,28115450,33.9,39,17.6,30.3,8.7,7.9,23.4
11200720,송정동,1_하위20%,3130169,9,364308130,40478681,30,34,28.3,25.9,9.1,39,9.7
11110700,숭인1동,1_하위20%,2158659,7,349513073,49930439,27.4,34.2,23.5,24.4,9.5,31,12.2
11260690,신내2동,1_하위20%,1858342,11,320951624,29177420,26.5,42.6,13.4,20.6,18,18.1,18.3
11500605,가양3동,1_하위20%,1777209,11,316832150,28802923,13,22.9,11.8,23.9,9.9,12.5,21.8
11350710,상계9동,1_하위20%,1870516,10,311763682,31176368,28.8,57.5,20.7,27.6,11.2,19.2,16
11470670,신정6동,1_하위20%,2025588,8,308025653,38503207,29,40.9,10.1,23.6,7.7,28.1,13.8
11470610,신월6동,1_하위20%,974029,4,296303033,74075758,29.7,33.1,9.7,30.5,10.9,32.8,11.1
11200645,옥수동,1_하위20%,2930440,13,265553090,20427161,27.6,30.4,10.7,29.6,10,30.7,11.3
11305575,삼각산동,1_하위20%,3055781,10,260574057,26057406,28.8,23.2,14,18.3,17.2,31.1,10.6
11200620,금호4가동,1_하위20%,2912841,7,257447361,36778194,30.5,34.6,19.3,27.8,14.7,38.7,10.3
11560660,신길4동,1_하위20%,2731482,8,233473627,29184203,32,31.4,18.1,27,12.2,36.8,10.3
11650660,내곡동,1_하위20%,2000629,14,229268004,16376286,26.3,32.1,12.9,23.3,15.5,22.9,15.5
11410655,홍제2동,1_하위20%,2271756,7,212119726,30302818,25.9,33.9,14.6,27.8,13.2,27.5,10.8
11320681,쌍문4동,1_하위20%,2522205,13,192161450,14781650,25.5,38.5,14.2,19.1,11,22.4,11.9
11350580,월계3동,1_하위20%,2591837,10,190799828,19079983,28.6,28.3,18.3,24.1,9.8,34.1,9.8
11350700,상계8동,1_하위20%,980724,5,188271485,37654297,28.4,29.7,14.3,27.9,12.4,30.3,11.8
11350720,상계10동,1_하위20%,1922976,5,150309043,30061809,29,38.3,27.3,22.9,9.1,29.2,13.6
11620545,청림동,1_하위20%,3111543,5,136140733,27228147,33.2,32.7,20.3,30.7,7.4,35.8,11.4
11740590,암사3동,1_하위20%,1522794,4,128133953,32033488,31.6,30.1,11.2,24.4,15.3,25.2,13.5
11110690,창신3동,1_하위20%,1124338,4,114763076,28690769,26.6,37.6,16,29.9,10.7,28,11.9
11350612,하계2동,1_하위20%,2725252,5,79240824,15848165,30.1,20,12.9,21.2,18.6,21.4,12.5
11560670,신길5동,1_하위20%,3153712,6,31546642,5257774,37.2,21.6,18.5,19.6,6.4,30.9,7.1
11290780,장위3동,1_하위20%,2902773,8,574484,71811,35.5,38.7,0,9.7,0,6.5,67.7
11500603,가양1동,2_20-40%,3377479,70,8800513623,125721623,24.2,39,24,36.3,4.6,24.9,15.6
11140540,회현동,2_20-40%,4468985,35,7460860530,213167444,15.5,32,16.6,30.1,5.6,13.8,19.7
11530770,오류1동,2_20-40%,3999339,18,6761509759,375639431,31.1,44.6,25.8,32.2,7.9,32.3,11.1
11200550,사근동,2_20-40%,4255871,34,4890450514,143836780,15.4,38.6,57.3,15.9,3.4,15.1,31.8
11110640,이화동,2_20-40%,4100170,21,4590443007,218592524,23.7,38.1,23,29.8,6.4,21.7,18.2
11110530,사직동,2_20-40%,3916402,25,4486583900,179463356,22.6,37.8,18.3,28.9,8.2,16.8,17.9
11320521,도봉1동,2_20-40%,3701911,20,3420595266,171029763,32,29.2,11.4,20.3,19.4,29.3,13
11215740,중곡1동,2_20-40%,3860036,14,3143244436,224517460,29.6,30.3,17.8,26.3,8.9,39,10.2
11320515,창5동,2_20-40%,4143635,18,3027474746,168193041,28.4,43,16.5,27.3,10.1,24.4,14.5
11470550,목5동,2_20-40%,4623171,19,2915958630,153471507,29,49.1,12.5,16.4,11.2,24.1,15.5
11710641,문정1동,2_20-40%,4427526,19,2860062429,150529602,27,27.9,17.4,31.8,8.8,30.6,12.1
11620630,남현동,2_20-40%,4499365,21,2828019147,134667578,30.7,45.3,29.8,33.3,7.4,30.8,10.6
11680656,도곡2동,2_20-40%,3927628,15,2689541490,179302766,21.6,39.6,13.3,22.7,13.2,15.3,20.9
11590670,신대방1동,2_20-40%,3608050,16,2520122423,157507651,28.2,57.2,27.9,26.7,7.8,18.6,15.4
11680700,세곡동,2_20-40%,3485854,22,2459572657,111798757,31,40.1,17,34,8.2,32.5,10.5
11545710,시흥5동,2_20-40%,3557669,16,2338150469,146134404,28.3,35.3,17.2,21.8,13,31.1,11.6
11500570,화곡4동,2_20-40%,4515220,17,2264350889,133197111,30.4,32.7,15.5,31.7,8.8,35.9,10.4
11140625,다산동,2_20-40%,4186319,14,2078106914,148436208,27.7,43,22.1,31,9,27.3,14.1
11470620,신정1동,2_20-40%,3327054,5,2043238026,408647605,28.7,44,13.6,20.4,8.3,24.9,14.4
11200790,용답동,2_20-40%,3338085,15,1997368899,133157927,25.1,30.1,24.5,29.8,8.3,27.5,13.5
11650600,방배1동,2_20-40%,4617533,19,1994257927,104960944,26.5,39.1,19.5,27.5,8.7,26.9,15.3
11680690,개포4동,2_20-40%,3481268,24,1973401312,82225055,26.1,27.4,11.5,22.9,12.9,23.3,15.9
11350625,중계2·3동,2_20-40%,4378083,10,1953318828,195331883,33.2,48.7,16.5,21.1,9,20.7,15.5
11320511,창1동,2_20-40%,3854915,17,1924078391,113181082,25.8,39,19.2,26.4,10.4,27.5,10.4
11350611,하계1동,2_20-40%,3713066,15,1879187760,125279184,25.4,36.8,18.4,19.3,12,23.2,17.7
11560700,대림1동,2_20-40%,4577896,13,1845593137,141968703,27.5,33.9,15.9,27.9,11.8,30.7,12.8
11350619,중계본동,2_20-40%,4029331,16,1808284256,113017766,31.4,41.9,12.9,15.3,8.4,27.3,14.3
11380590,응암2동,2_20-40%,3786522,12,1739081341,144923445,30.5,38.8,11.5,21.4,13.8,36.2,11.5
11470590,신월4동,2_20-40%,3303629,10,1652388219,165238822,29.1,31.1,13.9,24.4,13,31.2,12.2
11290650,정릉4동,2_20-40%,3428107,15,1649209448,109947297,29.6,31.3,14.8,19.1,14.1,31.1,11.1
11170570,원효로2동,2_20-40%,4030334,11,1619544833,147231348,22.9,29.8,13.3,30.7,9.8,26.3,17.5
11350625,중계2?3동,2_20-40%,4378083,10,1618547173,161854717,32.4,46.1,13.2,22.1,11.5,19.6,16
11140665,동화동,2_20-40%,3320033,10,1603688184,160368818,22.5,30.9,15.2,26.3,9.1,28.9,15.3
11170510,후암동,2_20-40%,4116768,18,1555546331,86419241,29.8,37,17.5,28.2,8.9,28.2,12.6
11710561,방이1동,2_20-40%,3556510,14,1522008836,108714917,28.5,34.3,13.5,25.2,10.7,27.2,13.5
11320514,창4동,2_20-40%,3638942,19,1506031359,79264808,29.2,28.5,16.4,22.9,15.3,28.4,14.6
11710680,잠실3동,2_20-40%,3457432,17,1422961918,83703642,31,49.7,25.2,25.2,6.9,18,15.8
11410685,홍은2동,2_20-40%,4380493,32,1405742090,43929440,27,41.9,21.2,19.8,12.9,26.9,14.4
11530720,고척1동,2_20-40%,4548192,20,1381320083,69066004,30.7,34.6,21,21.1,12.1,23.9,17.2
11410640,홍제3동,2_20-40%,3952710,13,1375658899,105819915,29.7,36.1,17.3,25.6,12.1,30,12.6
11170520,용산2가동,2_20-40%,4640640,20,1361805306,68090265,35.9,34.6,26.3,35.1,7.8,37.3,11.1
11710532,거여2동,2_20-40%,3730942,10,1333011440,133301144,30,29.2,14.7,26.4,11.7,33,11.9
11545640,독산4동,2_20-40%,3762404,17,1330672336,78274843,29.8,33.8,14.4,26.5,12.1,36.8,9.6
11305645,우이동,2_20-40%,4156528,27,1325678743,49099213,36.4,33,14.4,23.9,16,24.2,13.2
11620565,성현동,2_20-40%,4491501,12,1311689799,109307483,28.5,34.6,14.8,28.8,8.3,32.6,10.9
11170700,보광동,2_20-40%,3479301,8,1226820710,153352589,30.1,35.4,17.5,28.9,11,37.1,10.5
11110515,청운효자동,2_20-40%,3575666,11,1202378731,109307157,27.7,33.5,15.2,26.1,11.3,22,15.3
11440585,도화동,2_20-40%,3939710,21,1183603269,56362060,22.2,30.8,14.6,28.6,10.3,24.4,16.4
11650590,방배본동,2_20-40%,4460812,21,1122881002,53470524,26.3,31.8,13.9,21.9,9,29.5,14.2
11545620,독산2동,2_20-40%,3516835,15,1113475876,74231725,30.4,33.5,15,24,12.2,36.5,9.8
11740550,고덕1동,2_20-40%,3715606,9,1099762753,122195861,28.2,30,10.7,23.9,11.6,29.3,12
11470560,신월1동,2_20-40%,4081858,16,1021628055,63851753,30.6,30.4,14.6,30.4,11,35.3,11.1
11290525,성북동,2_20-40%,4237864,19,971677487,51140920,27.5,38.1,16.6,25.2,11.3,25.3,14.3
11470630,신정2동,2_20-40%,4298343,11,967130847,87920986,29.9,38.9,10.4,22.2,8.8,36.1,10.7
11410660,홍은1동,2_20-40%,3842929,12,964413986,80367832,30.4,40.3,13.1,28.9,8.7,28.8,12.8
11740515,강일동,2_20-40%,4126038,18,948409267,52689404,18.2,35.1,15.9,31.2,5.9,14.6,19.5
11320710,방학3동,2_20-40%,3469957,12,870785828,72565486,32.9,30.2,12.4,23,16.9,30.8,12.2
11200570,행당2동,2_20-40%,4585946,6,860130365,143355061,27.9,34.7,14,22.6,13.3,27.4,12.7
11230750,이문2동,2_20-40%,3786351,9,842306233,93589581,27.8,35.7,16.6,23.2,10.9,31.7,12.2
11200520,왕십리2동,2_20-40%,4528149,13,840045736,64618903,30.2,36.5,19.6,27.2,11.3,34.7,11.5
11620525,보라매동,2_20-40%,3587268,14,803711234,57407945,27.9,34.1,22.8,30.3,9,33.5,11.1
11110580,교남동,2_20-40%,3918438,10,797039572,79703957,22.5,27.2,12.9,28,8,23.9,14.1
11500550,화곡2동,2_20-40%,3389482,12,793025830,66085486,31.3,36.8,14.6,33.8,9.8,35.4,10.4
11710531,거여1동,2_20-40%,3497868,9,728492750,80943639,30.7,34.3,15.7,26.1,10.8,32,11.6
11710540,마천1동,2_20-40%,3468537,16,695649742,43478109,27.8,30.9,17.7,26,13.6,31.1,11.2
11530760,개봉3동,2_20-40%,3925021,13,668980153,51460012,31.8,32.1,12.2,24.3,12.1,26.8,11.4
11560690,신길7동,2_20-40%,3799367,12,605449573,50454131,27.6,64.9,36.6,24.8,5.2,16.5,15.3
11500560,화곡3동,2_20-40%,3718883,15,578830580,38588705,30.5,36.6,19.6,27,11.2,35.4,9.4
11590650,사당4동,2_20-40%,3914966,9,578352455,64261384,29.2,30.6,24.4,29.6,8.7,37.5,9.2
11260660,망우3동,2_20-40%,4223409,13,564626234,43432787,29.4,31.4,14.7,29.5,15,32.8,11.5
11140650,신당5동,2_20-40%,3734408,9,560582657,62286962,25,32.6,20.1,28.7,11.6,29.9,13.5
11320670,쌍문2동,2_20-40%,4430809,16,552521328,34532583,29.6,34.6,17.7,26,13.6,32.2,11.5
11530750,개봉2동,2_20-40%,3919068,19,495887162,26099324,29.4,33.2,16.6,27.7,11.1,32.2,11.8
11350621,중계1동,2_20-40%,3863906,13,485337050,37333619,29.4,38.9,12.3,15.1,5.9,26.3,13.1
11200590,금호1가동,2_20-40%,3378004,5,411706483,82341297,28.9,34.5,14.9,25,11.6,35.2,10.6
11470570,신월2동,2_20-40%,3716806,6,361879590,60313265,29.4,30.3,12.8,28.5,9.4,31.7,11.9
11320513,창3동,2_20-40%,3859698,12,315589202,26299100,30,36,13.3,27.7,13.8,29.9,12.7
11500530,등촌2동,2_20-40%,3802647,14,315160491,22511464,28.9,29.2,12.9,31.4,12,28.9,11.9
11710647,위례동,2_20-40%,3343130,18,303957257,16886514,30.5,37.7,11.4,23.9,9.4,21.9,15
11350570,월계2동,2_20-40%,3796409,13,234954775,18073444,20.7,37.5,25.9,19.9,8.5,21.5,24.4
11305608,번3동,2_20-40%,3365408,10,212568510,21256851,30.8,31.1,13.1,25.6,8.6,31.6,10.8
11320522,도봉2동,2_20-40%,3304808,14,207093669,14792405,23.8,32.5,9.4,19.6,18.2,17,18.1
11170580,효창동,2_20-40%,3738252,9,114699650,12744406,27,32.5,16.6,22.5,11.9,30.7,13.5
11590651,사당5동,2_20-40%,3353496,10,88251413,8825141,28.9,34.4,16.9,29.3,7.1,31.4,13.7
11545510,가산동,3_40-60%,4991164,138,22913284682,166038295,14.6,33.5,22.9,33.8,4.6,14,21.6
11140550,명동,3_40-60%,5483731,78,16186846800,207523677,17.6,38.8,20.1,28.9,5.4,12.4,21.5
11680580,삼성1동,3_40-60%,4713675,48,9087603482,189325073,23.5,46.5,21,28.7,6.7,12.8,21.4
11200690,성수2가3동,3_40-60%,5562550,42,8662316760,206245637,18.5,38.9,26.2,29.8,6.1,14.5,20.3
11500520,등촌1동,3_40-60%,5194691,32,6458093395,201815419,26.5,35.1,18.1,34.5,7.5,28.1,13.4
11140605,을지로동,3_40-60%,5139544,29,5658117155,195107488,22.1,31.9,18.4,26.9,9.2,25.3,12.8
11440740,상암동,3_40-60%,5356360,56,5623737704,100423888,15.7,39.6,21.2,32.8,3.1,13.9,21.8
11620645,서원동,3_40-60%,5590740,27,5372501676,198981544,30.7,49.8,36,30.9,5.7,28.1,11.2
11650652,양재2동,3_40-60%,5856520,48,5175704669,107827181,21.6,22.1,13.4,28.3,8.5,25.6,16.3
11545610,독산1동,3_40-60%,5036362,48,4580633177,95429858,28.3,29.5,19,34,7.9,34.9,11.8
11500591,화곡6동,3_40-60%,5307228,30,4295764168,143192139,30.2,36.7,19.8,29.7,7.6,36.4,11
11590680,신대방2동,3_40-60%,5052203,25,4173659713,166946389,26.6,44.2,20.8,30.2,8,21,17.1
11380520,불광1동,3_40-60%,5309058,24,4012787955,167199498,28.6,63.5,27.4,25.2,10.7,20.1,14.2
11680600,대치1동,3_40-60%,4662689,17,3642685518,214275619,32.1,59,13.8,12.2,6.8,17.6,17.6
11170685,한남동,3_40-60%,5241449,24,3568779810,148699159,29.6,34.4,23.8,31.3,6.8,29.3,16
11140615,신당동,3_40-60%,5676807,28,3442263712,122937990,26.4,46,23.8,30.9,7.8,31.1,13.1
11380580,응암1동,3_40-60%,5526906,19,3437517640,180921981,31.9,65.5,24.3,27.3,7.6,18.8,15.1
11200670,성수2가1동,3_40-60%,5105096,22,3045092976,138413317,26.3,31.2,16.8,29.2,12.6,28.1,14.1
11170625,한강로동,3_40-60%,5592923,45,2834734079,62994091,23.2,29.6,17.7,36,6.1,23.9,17
11470510,목1동,3_40-60%,4915539,32,2834698447,88584326,25.3,37.8,15.6,22.5,6.7,23.3,15.1
11440680,합정동,3_40-60%,4987017,30,2821423783,94047459,25.1,31.6,20.3,28.5,8,31.6,12.2
11200535,왕십리도선동,3_40-60%,5649695,22,2680687127,121849415,29.8,35.4,29.9,30,7.5,39.8,10.7
11200660,성수1가2동,3_40-60%,5606191,30,2595875167,86529172,18.6,28.5,20.6,28.9,8.1,20.3,19
11500640,방화2동,3_40-60%,4677634,35,2590596459,74017042,34.4,47.5,20.4,31.8,10,19.4,15.6
11545670,시흥1동,3_40-60%,5582251,36,2382395114,66177642,29.6,34.9,15.4,27.1,13.3,33.2,10.9
11380560,구산동,3_40-60%,5407950,17,2361530177,138913540,29.9,37.6,14.8,22.4,13,31.9,11.4
11440700,망원2동,3_40-60%,5863669,17,2345736508,137984500,31.5,45.7,20.6,28.4,7.9,30.6,11.5
11200540,마장동,3_40-60%,5250688,16,2242426587,140151662,26.5,28.3,19,26.4,9.8,31.2,12.8
11740530,명일1동,3_40-60%,4918721,13,2192098844,168622988,34.2,33.1,15.7,23.9,12.2,29.7,12.5
11215750,중곡2동,3_40-60%,4659652,19,2159545109,113660269,29.5,36.7,19.4,32.5,9.5,34.6,11.3
11305625,수유2동,3_40-60%,5545740,19,2157517335,113553544,29.1,34.2,15.9,26.2,11.7,33.4,11.3
11110710,숭인2동,3_40-60%,5364425,25,2135659225,85426369,28.6,38.6,23.6,28.8,10.4,27.2,13.9
11620615,중앙동,3_40-60%,5549535,18,2093039471,116279971,28.7,34.6,26.5,29.5,8.9,33.3,10.8
11650581,반포4동,3_40-60%,5590764,35,1969248135,56264232,24.4,39.5,11.1,19.5,9.7,21.7,16.1
11500611,발산1동,3_40-60%,5516636,35,1944051934,55544341,30.5,37.4,14.7,24.5,9.1,26.4,12.6
11170560,원효로1동,3_40-60%,5090772,18,1907744678,105985815,21.5,24.4,14.9,29.4,7.7,25.3,16.9
11230720,휘경1동,3_40-60%,5770547,16,1834270712,114641919,29.2,56.9,49.2,21.2,4.4,28.1,12.3
11500620,공항동,3_40-60%,5529449,43,1833844114,42647538,27.7,31.6,13.8,27.9,10.3,26.7,13.6
11560630,신길1동,3_40-60%,5592763,19,1794702515,94458027,29.5,32.8,23.8,30.6,10.1,33.3,11.2
11620665,서림동,3_40-60%,5111061,26,1737759849,66836917,30.9,27.5,23.5,32.2,6.8,36.3,10.5
11215860,구의2동,3_40-60%,5321453,22,1736709225,78941328,30.4,33.5,16.3,29,9.6,31.5,11.8
11470540,목4동,3_40-60%,5702451,17,1726605114,101565007,30.1,32.7,17.2,27.9,8.2,34.7,11
11320660,쌍문1동,3_40-60%,4962441,19,1689889852,88941571,29.8,37,17.7,22,12.4,30.6,13.2
11560620,양평2동,3_40-60%,5031484,32,1637282352,51165073,23.5,28.6,17,31.6,6.2,22.9,17.5
11200560,행당1동,3_40-60%,5070359,18,1630919289,90606627,27.6,36.2,25.4,28.7,9.7,28,12.7
11350560,월계1동,3_40-60%,4650404,28,1603211311,57257547,28,37.3,29.6,21.5,7.9,30.5,13.8
11230730,휘경2동,3_40-60%,4721344,20,1595062899,79753145,28.7,44.9,43.6,22.9,5.1,31.7,13.2
11380530,불광2동,3_40-60%,5687405,20,1566475575,78323779,29.8,34.4,20.4,26,13.5,33.7,10.9
11710520,풍납2동,3_40-60%,5427937,11,1500977831,136452530,29,29.2,16.4,24.3,13.9,30.9,12.8
11560710,대림2동,3_40-60%,5201199,20,1378312090,68915605,30.9,34,16.9,30,8.8,33.9,11.5
11260540,면목4동,3_40-60%,5045940,17,1368643256,80508427,29,33.3,14.1,26.8,11.2,31.5,12.2
11650610,방배2동,3_40-60%,4890066,22,1328945866,60406630,27,30.5,18.7,30.4,9.6,28.4,12.9
11215760,중곡3동,3_40-60%,4783516,17,1295125914,76183877,28.3,40.9,17.8,33.4,9.7,27.4,13.1
11620765,미성동,3_40-60%,5421956,23,1294501542,56282676,30.1,38.8,22.5,27.8,9.5,34.4,10.8
11560680,신길6동,3_40-60%,5664035,20,1274087861,63704393,27.7,33.1,19.5,29.7,7.5,30,14.1
11545630,독산3동,3_40-60%,5074297,20,1262312608,63115630,30.1,30.7,17.6,30.6,11.8,34.7,11
11215830,자양2동,3_40-60%,5302248,20,1256155345,62807767,30.6,30.5,17.2,26.6,11.7,35.1,10.7
11710550,마천2동,3_40-60%,5167525,16,1243654789,77728424,29.7,29.7,15.7,23.4,13.2,34.5,10.9
11290620,정릉1동,3_40-60%,4780236,15,1150449259,76696617,28.7,38.8,22.3,20.1,11.2,33.4,10.9
11290610,보문동,3_40-60%,5561430,14,1082559987,77325713,27.9,36.2,18.2,25.6,9.4,33.2,12.1
11560610,양평1동,3_40-60%,5395570,20,1078537134,53926857,21,31.1,16.1,34.4,6.4,22.9,17.8
11230710,회기동,3_40-60%,5094624,32,1012619144,31644348,27.7,35.5,33.3,25.8,6.2,36.5,10.7
11290685,길음2동,3_40-60%,4998566,8,997442270,124680284,28,37.4,15.4,29,8.8,22.3,16.2
11470530,목3동,3_40-60%,4876854,15,988756363,65917091,27.2,36.2,19.9,27.4,13.8,32,12.6
11590560,상도4동,3_40-60%,5801436,16,948666759,59291672,32.7,42.2,9.2,19.6,23.4,18.7,15.3
11560585,도림동,3_40-60%,5419346,18,937990563,52110587,31.2,31.8,19,34.2,8,34.2,11.3
11530730,고척2동,3_40-60%,5344167,22,937972188,42635099,29.2,27.8,16.6,20.6,13.9,31.9,11.5
11530780,오류2동,3_40-60%,5042987,24,913130755,38047115,27.9,30.9,12,25.3,10.8,26,12.6
11440610,염리동,3_40-60%,4947819,14,875065449,62504675,24.8,40,26,24.7,8.1,28.8,14
11590540,상도2동,3_40-60%,5015996,19,771197606,40589348,26.3,32.3,18.9,25.3,12.2,25.9,14.7
11320680,쌍문3동,3_40-60%,5423194,17,729229340,42895844,28.7,38.5,18.4,25.3,12.5,31.4,11.7
11440630,신수동,3_40-60%,5135042,12,717957911,59829826,25.5,29.3,14.1,30.9,8.3,26.6,14.1
11260520,면목2동,3_40-60%,5735603,26,704657857,27102225,29.4,31.9,11,24.5,17.7,33,10.4
11260580,상봉1동,3_40-60%,4774557,22,638759388,29034518,29.3,32.9,19.1,30.7,9.1,31.4,9.5
11590550,상도3동,3_40-60%,4867497,16,618165545,38635347,30.2,35.9,20.8,28.5,9.6,34.3,10.6
11170630,이촌1동,3_40-60%,4738856,7,545494378,77927768,28.5,42.3,9.3,18.2,20.6,26.5,12.3
11290630,정릉2동,3_40-60%,5841086,11,455173946,41379450,29.3,50.4,19.9,19.9,12.1,25.1,13.6
11590640,사당3동,3_40-60%,5539669,9,440449585,48938843,28.8,38.5,19.1,27.5,9.4,32.4,10.5
11710510,풍납1동,3_40-60%,4706825,7,430053082,61436155,29.8,27.6,11.8,24.9,15.5,29.7,11.7
11260680,신내1동,3_40-60%,5322054,17,401153968,23597292,27.3,35,13.6,23,17,25.3,15.2
11260600,중화1동,3_40-60%,5311587,19,396269009,20856264,29.6,37.1,19.3,28,10,32.9,10.7
11290770,장위2동,3_40-60%,4917685,7,235505107,33643587,26.6,36.9,16.4,28.7,12.3,24.7,13
11260630,묵2동,3_40-60%,5644777,14,125562508,8968751,27.6,32.8,16.6,26.5,11.1,33.7,8.9
11560540,여의동,4_60-80%,6318843,99,17862925268,180433589,24.3,40.2,21.6,30,5.7,17.2,20
11530540,구로3동,4_60-80%,7019133,63,9229906107,146506446,19.9,38.8,26.2,34.9,5,22.2,16.3
11140590,광희동,4_60-80%,6320717,43,8573036022,199372931,23.5,37.8,21.8,28.2,8.7,25,15.9
11710562,방이2동,4_60-80%,6429079,43,8309362144,193240980,29.7,40.5,27,35.7,6.5,36.3,11.4
11650520,서초2동,4_60-80%,6869733,42,7567294735,180173684,22.3,37,19.3,32.1,6.1,24.3,16.7
11590510,노량진1동,4_60-80%,6361515,34,7313292951,215096851,27.2,42,35.4,28.4,5.9,26.4,15.7
11680610,대치2동,4_60-80%,6223263,50,6423042942,128460859,24.4,30.8,12.5,22.2,6.9,21.4,17.6
11680510,신사동,4_60-80%,6920235,38,6368514292,167592481,26.8,50.2,28.4,29.3,5.6,20.8,16.9
11650531,서초4동,4_60-80%,6638108,34,4790238489,140889367,27.2,36.1,30.8,26.7,6.1,29.1,15.1
11260590,상봉2동,4_60-80%,7296063,31,4786049941,154388708,31.6,43.6,25.1,31.8,8.9,33.9,10.8
11215840,자양3동,4_60-80%,6820616,24,4769399968,198724999,37.5,50.1,29.3,24.5,7.2,23.6,12.6
11650540,잠원동,4_60-80%,6487670,26,4758781476,183030057,28.3,33.2,20.8,25.9,8,32.4,13.4
11215870,구의3동,4_60-80%,6524535,29,4083478191,140809593,30.3,45.7,22.5,27.6,8.7,17.8,17
11440655,서강동,4_60-80%,6091460,29,3988112589,137521124,28.3,40.3,36,22.4,5.9,33,14.5
11350695,상계6·7동,4_60-80%,6447360,29,3956506590,136431262,28.5,45.6,21.1,27.2,8.4,25.3,15.1
11260570,면목7동,4_60-80%,6710391,15,3799942201,253329480,30.1,31.3,14.5,28,13.1,34.4,10.6
11350695,상계6?7동,4_60-80%,6447360,29,3777663227,130264249,29,44.6,17.1,27.2,10.6,25.4,15.2
11500615,우장산동,4_60-80%,6671372,23,3658982368,159086190,29.9,33,15,23.1,12.8,30.8,12.1
11440730,성산2동,4_60-80%,6913365,52,3658966122,70364733,29.4,50.4,26.6,30.5,8,26.1,12.7
11305595,번1동,4_60-80%,6853683,27,3643514950,134944998,39.4,32,17.3,21.3,20.8,26.8,18.3
11710610,삼전동,4_60-80%,6517415,31,3601812149,116187489,29.3,36.4,18.2,34.1,7.2,36.1,10.8
11560550,당산1동,4_60-80%,6959294,34,3598424087,105836003,24.1,31.3,18.4,31,10.2,26.8,14.2
11290600,안암동,4_60-80%,7221339,42,3554735641,84636563,22.6,40,34.7,19.2,9.9,26,17.6
11320690,방학1동,4_60-80%,6611727,29,3523804203,121510490,28.1,33.6,14.2,21.9,15.5,32.1,11.5
11710600,석촌동,4_60-80%,6841040,38,3449492924,90776130,29.8,42.7,20,33.3,8.8,29.8,12.7
11590605,흑석동,4_60-80%,6473884,19,3412694876,179615520,26.3,47.6,31.8,17.6,10.6,23.8,17.2
11230660,장안2동,4_60-80%,7428635,37,3362286080,90872597,29.8,34.5,14.7,28.3,8.2,36.5,10.4
11560720,대림3동,4_60-80%,7083650,27,3274954245,121294602,28,25.5,10.9,25.2,14.2,30,13.4
11110630,종로5·6가동,4_60-80%,6054805,20,3259985246,162999262,20.5,28.4,17.5,26,10,21.6,16.4
11740660,성내3동,4_60-80%,6670634,23,3134928412,136301235,28.9,35.5,17.4,26.3,11.8,26.8,14.3
11530560,구로5동,4_60-80%,6986073,29,3129779766,107923440,28.6,38.2,19.1,32.2,8.9,25.5,13.2
11110630,종로5?6가동,4_60-80%,6054805,20,2975750356,148787518,20.7,29,13.5,25,13.9,19.7,17.4
11380552,갈현2동,4_60-80%,6015374,25,2943667708,117746708,28.2,39.1,17.8,22.9,10.8,30.5,12.7
11590660,대방동,4_60-80%,7246815,27,2906586565,107651354,28.9,48.2,25.5,26.5,6.3,24.6,12.7
11620735,대학동,4_60-80%,6462596,37,2903856960,78482621,29.9,35.7,32.7,31.8,6,33.3,12.6
11710580,송파1동,4_60-80%,6202039,34,2868886083,84379002,29.4,36.3,20,34.7,8.2,32.1,12.2
11215810,광장동,4_60-80%,6097804,20,2817130482,140856524,29.2,39.4,17.7,21.9,11.4,21.5,16.9
11620625,인헌동,4_60-80%,6243936,18,2719992010,151110667,28.9,43.1,25.9,31.8,7.9,28.1,12.1
11440590,용강동,4_60-80%,6071473,30,2635555342,87851845,25.6,35,14.1,28.9,9.8,28.9,12.5
11650560,반포1동,4_60-80%,6764029,22,2631948648,119634029,28.8,35.8,16.2,25.9,7.9,29.1,14
11350630,상계1동,4_60-80%,7275415,29,2614076861,90140581,28.9,40.1,18.4,22.1,14.2,25.1,12.9
11500535,등촌3동,4_60-80%,6922085,27,2550212040,94452298,27,43.5,20.7,28.2,10.6,23,16.9
11650621,방배4동,4_60-80%,6471035,18,2315714076,128650782,25.6,37.8,15,27,8.6,26.6,15.5
11440690,망원1동,4_60-80%,6980771,28,2209267480,78902410,37.1,44.7,25.5,31.8,7.8,27.8,13.4
11710632,가락2동,4_60-80%,6182151,19,2146816982,112990367,29.3,31,16.6,30,9.9,31.8,12.7
11740700,둔촌2동,4_60-80%,7044981,24,2140975891,89207329,29.1,29.3,12.8,27.2,12.6,33.4,11.8
11305615,수유1동,4_60-80%,6152024,23,2079171772,90398773,28.8,34.2,18.4,26.6,11.6,33.3,11.9
11230705,청량리동,4_60-80%,6347923,16,2075403449,129712716,28.9,29.3,14,24.1,14.9,30.9,13.2
11440720,성산1동,4_60-80%,6073985,23,2041767660,88772507,26.4,36.8,18.9,27.9,6.6,28.5,15.6
11470520,목2동,4_60-80%,6906320,25,1983063725,79322549,30,31.8,15.8,29.1,8.8,33.6,10.3
11380631,신사1동,4_60-80%,6265288,17,1962859406,115462318,30.4,34.6,15.6,27.5,11.1,34.3,11
11620585,낙성대동,4_60-80%,6064853,20,1946300467,97315023,29.3,38.1,35.3,30.9,5.6,35.3,10.7
11530550,구로4동,4_60-80%,7343804,20,1889261571,94463079,29.3,35.7,18.8,30.9,9.6,31.7,11.2
11215730,군자동,4_60-80%,6187109,28,1859127038,66397394,27.9,31.2,26,30.5,11.4,34.8,11.7
11440710,연남동,4_60-80%,6573927,28,1828824635,65315166,29.7,35.3,27.6,33.4,5.4,35,13.6
11260575,면목3·8동,4_60-80%,6363502,18,1806799644,100377758,28.5,34.5,18.9,26.5,11.5,34.4,11.4
11740640,성내1동,4_60-80%,5869308,18,1796754525,99819696,26.6,41.1,17.4,28,9.1,22.2,15.7
11215770,중곡4동,4_60-80%,6491565,19,1720079385,90530494,30,33.3,15.3,31.8,10.4,33.7,10.9
11620575,행운동,4_60-80%,7189859,28,1669807221,59635972,29.3,38.7,30.6,33.1,7.8,35.1,10.4
11260575,면목3?8동,4_60-80%,6363502,18,1660049753,92224986,28.2,34.5,14.6,24,15,32.9,11.8
11290725,월곡2동,4_60-80%,6125273,21,1655347696,78826081,28,40.9,25.7,24.2,8.1,32,12.7
11590620,사당1동,4_60-80%,6925461,30,1635739443,54524648,29.5,33.2,24.3,34.1,7.8,35.2,10.2
11560515,영등포본동,4_60-80%,6896744,18,1624618879,90256604,30.5,32.4,17.8,31.2,11.6,30.1,11.4
11290760,장위1동,4_60-80%,7009005,16,1615607634,100975477,30,36.8,15.1,26.3,11.7,34.4,11.4
11620775,난곡동,4_60-80%,5875310,8,1563645997,195455750,30.2,35.8,19.1,26,12.2,34.5,10.1
11440555,아현동,4_60-80%,7084567,18,1505992768,83666265,27.4,42.7,16.9,31.9,9.2,26,13.9
11620725,조원동,4_60-80%,7177220,22,1457628309,66255832,29.6,33.9,26.9,32.9,8.4,39.1,9.5
11380551,갈현1동,4_60-80%,6419084,20,1409132259,70456613,30.9,35.8,21.6,26,11.7,38.3,10.2
11230610,답십리2동,4_60-80%,6356515,21,1348250825,64202420,26.9,30.3,14.2,25.1,15,30.5,13
11230600,답십리1동,4_60-80%,6838731,20,1341924201,67096210,28.9,31.8,19.6,27.4,10.9,31.7,11.8
11530510,신도림동,4_60-80%,6237200,17,1321946400,77761553,28.1,37.3,15.2,26,10.3,26.9,14.7
11410700,남가좌2동,4_60-80%,6045596,23,1090898874,47430386,30.4,36,14.5,25.2,12.7,35,10.8
11380510,녹번동,4_60-80%,6747974,31,1070018071,34516712,27.4,34.8,16.4,23.1,8.9,28.3,12.8
11140670,황학동,4_60-80%,5889774,9,1063818581,118202065,27.4,35.3,15,29.5,10.6,33.9,12.4
11200615,금호2·3가동,4_60-80%,6296301,15,1024393490,68292899,28.6,36.7,15.3,30.8,10.5,32.9,10.9
11410620,홍제1동,4_60-80%,6066493,17,1024300460,60252968,30.6,35.1,15.5,23.5,13,30.2,12.6
11260620,묵1동,4_60-80%,7229323,23,975093811,42395383,30.6,33.7,17.3,25.7,10.1,33.1,10.9
11560650,신길3동,4_60-80%,6205652,12,910877313,75906443,30.8,29.2,14.3,26.5,8.6,36.8,11.4
11620655,신원동,4_60-80%,6271317,11,885220645,80474604,31.3,37.2,29.5,35.5,6.7,40.5,8.8
11200615,금호2?3가동,4_60-80%,6296301,15,882494504,58832967,29.4,34.4,12.1,28.3,13.6,31.1,12.2
11380690,진관동,4_60-80%,7069758,26,871941162,33536199,31.1,50.2,22.6,25.6,7,25.8,13.1
11350670,상계5동,4_60-80%,6143977,15,498723902,33248260,29,31,16.6,22.4,12.3,34.1,10.5
11290660,길음1동,4_60-80%,6523231,9,180520012,20057779,31.5,36.5,12.2,17.3,5.9,30.9,12.2
11620745,삼성동,4_60-80%,7204720,5,118089788,23617958,27.8,35.5,20.7,29.6,9.9,36.7,9.2
11680640,역삼1동,5_상위20%,21028521,157,30909175183,196873727,19.9,40.3,24.8,32.3,5.1,21.2,18.5
11440660,서교동,5_상위20%,17441992,117,21866520536,186893338,31.9,53.1,41.5,25.7,4.3,27.2,14
11680630,대치4동,5_상위20%,10285497,52,13589303914,261332768,25.8,45.4,15.5,22.9,6.2,21.5,17.3
11110615,종로1?2?3?4가동,5_상위20%,13863790,91,11375167056,125001836,24.7,32,18.2,27.9,10.7,25.4,15.7
11500540,화곡1동,5_상위20%,16455956,57,11036003587,193614098,31.1,39.8,21.8,34,7.7,36.9,9.7
11110615,종로1·2·3·4가동,5_상위20%,13863790,91,10918083812,119978943,26.4,31.6,22.8,27.8,8.3,27.8,14.6
11680531,논현2동,5_상위20%,11608515,60,10795233120,179920552,19.6,36.5,18.8,32.8,6.3,21.9,19.3
11650530,서초3동,5_상위20%,12090608,75,10673402050,142312027,21.3,32.1,16,25,8.4,20.9,18.7
11680521,논현1동,5_상위20%,9985586,59,9815749369,166368633,22.8,36.2,22.9,33,5,29.9,15.4
11215710,화양동,5_상위20%,9448676,63,9277458456,147261245,30.6,46.5,48.6,24.2,3.5,38.2,10.1
11560535,영등포동,5_상위20%,10809562,70,9194059183,131343703,34.2,45.1,31.3,34.7,5.9,29.6,12.3
11680650,역삼2동,5_상위20%,12083954,51,9192526558,180245619,18.8,35.7,18.7,32.7,6.1,22,18.9
11680565,청담동,5_상위20%,9386009,59,8628156187,146239935,24.4,37.2,17.1,26.8,8.6,22.5,18.2
11230650,장안1동,5_상위20%,9004870,50,8111753881,162235078,27.6,34,16.6,28.4,10.3,30.8,13.2
11410585,신촌동,5_상위20%,10792883,85,7813773397,91926746,28.7,47,42.3,22.1,6.5,32.7,13
11710650,잠실본동,5_상위20%,8047359,49,7747492226,158112086,29.5,36.1,19.4,30.5,8.1,32.3,12.9
11620695,신림동,5_상위20%,10079514,32,7643577189,238861787,31.1,42.4,36.7,34.4,4.6,36.4,9.7
11680590,삼성2동,5_상위20%,9257179,46,7449613467,161948119,20.2,36.1,16.7,29.9,6.6,23.9,17.9
11620595,청룡동,5_상위20%,10801648,37,7343743248,198479547,30.9,54.7,39,28.8,5.7,28,11.9
11230536,용신동,5_상위20%,14369337,1,6070600978,6070600978,24.9,34.3,17.7,26.4,11.8,23.4,16.5
11710620,가락본동,5_상위20%,8285796,35,5807713459,165934670,24.7,36.3,17.7,29.3,10.1,26.1,16.4
11560605,문래동,5_상위20%,9355553,39,5788370345,148419752,22.2,39.9,17.5,29.2,6.8,17.1,19.8
11305635,수유3동,5_상위20%,10207600,36,5758601831,159961162,29.9,36.7,26.3,28.4,8.4,38.9,9.5
11740685,길동,5_상위20%,17400679,42,5669217566,134981371,29.4,30.8,17.4,27.4,12.4,33.8,11.4
11440600,대흥동,5_상위20%,7462302,28,5604717740,200168491,28.4,44.8,30.5,24.3,7.5,28.9,13.7
11500630,방화1동,5_상위20%,7464824,34,5550391881,163246820,26.9,32.8,15,27.4,10.4,27.3,13.8
11740650,성내2동,5_상위20%,8496626,20,5519806438,275990322,29.3,41.3,23.4,31.2,9.9,28.7,12.2
11230740,이문1동,5_상위20%,9356643,28,4960026040,177143787,26.3,43.5,37.8,18.7,6.9,27.6,14.7
11380600,응암3동,5_상위20%,8098272,23,4842022226,210522705,30.3,32.4,16.6,24.5,13.1,36.2,10.2
11410615,연희동,5_상위20%,8562715,33,4800638591,145473897,29.2,43.6,26.3,26.2,9.3,28.4,13.8
11215847,자양4동,5_상위20%,8634611,30,4681255842,156041861,33.4,43.4,36.1,25.5,5.8,29.2,11.6
11680655,도곡1동,5_상위20%,7508758,25,4612914208,184516568,22.6,37.4,13.6,24.7,13.7,18.1,17.8
11500510,염창동,5_상위20%,8320282,27,4558035117,168816115,23.6,45,19.7,31.2,7.1,20.3,16.9
11260655,망우본동,5_상위20%,10816812,45,4498002992,99955622,28.7,32.4,13.9,23.8,15.4,28,13
11680545,압구정동,5_상위20%,7749959,39,4491860589,115175913,25.5,40.8,22.7,29.5,7,23.2,17.8
11470650,신정4동,5_상위20%,10740736,39,4346104261,111438571,27.9,39.1,19.4,27.3,9.2,30.9,12.5
11740610,천호2동,5_상위20%,11196577,47,4174182289,88812389,31,39.3,22.1,31.6,9.4,31.5,12.2
11590530,상도1동,5_상위20%,7985392,43,4071713981,94691023,26.7,48.4,35.7,22.2,7.3,26.7,13.8
11230560,전농1동,5_상위20%,11062972,26,3819989423,146922670,30.8,34.9,24.8,26.7,8.4,32.7,12.2
11650651,양재1동,5_상위20%,8473064,37,3696110930,99894890,21.5,27.6,13.2,28.6,9.1,22.3,17.7
11260565,면목본동,5_상위20%,9764888,26,3688773226,141875893,29.5,32.7,17.3,26.9,12.1,34.5,10.2
11380625,역촌동,5_상위20%,11810102,39,3513978184,90102005,29.1,36.9,15.8,24,12,32.9,12
11560560,당산2동,5_상위20%,8476238,37,3444129106,93084570,25.1,43.4,26.3,33.3,6.4,24.6,14.5
11305545,송중동,5_상위20%,12172213,23,3426404982,148974130,31.1,41.4,20.4,23.6,9.7,31.7,11.3
11230545,제기동,5_상위20%,12419985,28,3266160880,116648603,28.6,34.3,29.7,25.5,8.6,36.3,11.7
11350600,공릉2동,5_상위20%,8118073,33,3265040658,98940626,21.6,39.9,25.8,19.7,11,20.2,20.9
11170555,청파동,5_상위20%,7585799,25,3237372267,129494891,27.4,37.1,24.6,27.6,7.6,31.7,14
11350595,공릉1동,5_상위20%,10855620,36,3235055208,89862645,28,34.2,21.5,25.3,11.8,30.3,12.2
11620685,신사동,5_상위20%,7619354,32,3146543249,98329477,30.6,30.3,24.7,31.7,8.2,38.1,10.4
11410565,충현동,5_상위20%,10591825,30,3005677905,100189264,20.7,32.7,15.9,28.1,8.5,22.1,17.7
11650510,서초1동,5_상위20%,7724856,33,2920499451,88499983,20.8,31.9,17.5,24.8,9.4,21.9,17.2
11290555,삼선동,5_상위20%,10081907,21,2902162393,138198209,28.7,36,23.2,26.3,9.9,34.5,11.4
11290810,석관동,5_상위20%,10340993,31,2857040941,92162611,29.3,33.1,19.2,26.9,10.2,35,10.6
11350640,상계2동,5_상위20%,10516398,23,2760697485,120030325,29.4,31.9,25.1,27.1,9.8,34.6,11.9
11320512,창2동,5_상위20%,10492830,21,2749727747,130939417,30.4,32.2,14.8,25,12.5,34.5,10.5
11215820,자양1동,5_상위20%,8034548,23,2686652388,116810973,28.7,36.4,21.9,25.7,11.6,34,12.6
11620605,은천동,5_상위20%,8682564,18,2604783093,144710172,27.8,46.2,28.8,31,7.7,29.1,11.4
11740620,천호3동,5_상위20%,7533074,26,2601714020,100065924,30.3,32.9,24.2,31,9.8,38.4,10.6
11110650,혜화동,5_상위20%,9029988,27,2586381154,95791895,30.9,53.2,38.1,20.7,6.6,24,14.9
11410720,북가좌2동,5_상위20%,11224991,23,2511805677,109208942,31.1,33,14.6,26.3,13.6,33.4,10.8
11740570,암사1동,5_상위20%,8506246,22,2247070301,102139559,30.5,34.2,15.6,28.5,11.5,31.8,11.2
11305555,송천동,5_상위20%,12346895,23,2224730828,96727427,28.8,43.1,17,21.8,12.3,25.6,13.2
11305660,인수동,5_상위20%,8459891,28,1997416602,71336307,28.8,32.1,16.4,27.5,13.1,31,12.4
11710570,오금동,5_상위20%,9802320,30,1877494816,62583161,28.8,30,13.8,25,14.7,30.1,13.3
11740600,천호1동,5_상위20%,10316066,22,1864699667,84759076,30.2,32.9,15.3,28.5,10.9,32.4,10.7
11380570,대조동,5_상위20%,11923142,31,1771524687,57145958,30.9,38.2,19.9,26.3,11,31.7,11.4
11305535,미아동,5_상위20%,7827284,28,1735831298,61993975,27.8,35.1,21,26.7,9.8,33.3,12.2
11215850,구의1동,5_상위20%,7520456,20,1661144356,83057218,29,35.3,24.1,31.3,7.5,34.7,11
11290575,동선동,5_상위20%,8136642,30,1645503271,54850109,26.7,46.2,35.4,23.6,4.7,31.4,13.8
11590630,사당2동,5_상위20%,7641236,20,1546061498,77303075,29.6,42.2,21.3,25.7,11.8,30,11.6
11530530,구로2동,5_상위20%,9088132,34,1468923081,43203620,25.1,29.1,11.8,23.2,13.5,25,14.8
11500590,화곡본동,5_상위20%,8192549,32,1415876077,44246127,31.4,33.4,23,34.9,7,39.3,9.3
11440565,공덕동,5_상위20%,13647357,21,1374570657,65455746,27.1,31,17.6,28.5,10.9,30,13.1
11470640,신정3동,5_상위20%,7431828,24,1335503128,55645964,30,38.6,15.3,23.5,13.1,23.4,14.9
11530740,개봉1동,5_상위20%,7779150,19,1218736908,64144048,29.7,42.6,19.4,26.2,10.9,26.9,11.1
11710646,장지동,5_상위20%,7946688,21,1196294196,56966390,27.5,31.6,14.2,28.3,11.4,30.1,13.4
11290715,월곡1동,5_상위20%,7716011,11,1142346312,103849665,26.2,41.1,16.6,26,9.1,25.7,14.5
11260610,중화2동,5_상위20%,7861522,19,1127575128,59346059,28.3,38,17.5,24.4,15.3,32.4,10.3
11410555,북아현동,5_상위20%,19151556,7,1099336248,157048035,29.7,35,17,24.5,10.7,35.1,10.3
11350665,상계3·4동,5_상위20%,8372870,17,1049787837,61752226,30.5,31.3,15.1,19.9,13.7,28.7,11
11500593,화곡8동,5_상위20%,8339626,16,1029230316,64326895,30.5,33.3,18.8,31.1,7.3,35.8,10.6
11350665,상계3?4동,5_상위20%,8372870,17,982020782,57765928,29.2,29.6,13,19.3,16.3,28.4,11.2
11290705,종암동,5_상위20%,10904975,27,925978490,34295500,29.3,33.4,26.7,21.8,10.2,35.1,11.8
11305534,삼양동,5_상위20%,11316800,10,590602037,59060204,30,32.4,15.2,21.6,14,30.3,12.4
