기준_년분기_코드,상권구분_명,상권_명,당월_매출_금액,매출_억원
20233,발달상권,강남역,21349329592.0,213.5
20223,발달상권,가산디지털단지,20668847683.0,206.7
20224,발달상권,가산디지털단지,20456411852.0,204.6
20253,발달상권,강남역,20334897897.0,203.3
20232,발달상권,강남역,20293743690.0,202.9
20232,발달상권,가산디지털단지,20186883656.0,201.9
20233,발달상권,가산디지털단지,20171410939.0,201.7
20243,발달상권,강남역,19666840552.0,196.7
20243,발달상권,가산디지털단지,19604974980.0,196.0
20242,발달상권,강남역,19320880745.0,193.2
20222,발달상권,가산디지털단지,19259042536.0,192.6
20234,발달상권,가산디지털단지,19120325647.0,191.2
20253,관광특구,명동 남대문 북창동 다동 무교동 관광특구,19039603234.0,190.4
20242,발달상권,가산디지털단지,19009800172.0,190.1
20243,관광특구,명동 남대문 북창동 다동 무교동 관광특구,18985452388.0,189.9
20231,발달상권,가산디지털단지,18935166826.0,189.4
20234,발달상권,강남역,18762370159.0,187.6
20244,발달상권,가산디지털단지,18746137686.0,187.5
20253,발달상권,가산디지털단지,18579525656.0,185.8
20244,발달상권,강남역,18374649064.0,183.7
20224,발달상권,강남역,18363774980.0,183.6
20241,발달상권,강남역,18353327561.0,183.5
20241,발달상권,가산디지털단지,18277279118.0,182.8
20252,발달상권,가산디지털단지,18040656717.0,180.4
20223,발달상권,강남역,18014924579.0,180.1
20231,발달상권,강남역,17996874007.0,180.0
20244,관광특구,명동 남대문 북창동 다동 무교동 관광특구,17884040295.0,178.8
20221,발달상권,가산디지털단지,17724474675.0,177.2
20252,발달상권,강남역,17429191384.0,174.3
20222,발달상권,강남역,17415632556.0,174.2
20234,관광특구,명동 남대문 북창동 다동 무교동 관광특구,17308208876.0,173.1
20252,관광특구,명동 남대문 북창동 다동 무교동 관광특구,17100743694.0,171.0
20233,관광특구,명동 남대문 북창동 다동 무교동 관광특구,17069904931.0,170.7
20242,관광특구,명동 남대문 북창동 다동 무교동 관광특구,16786356966.0,167.9
20241,관광특구,명동 남대문 북창동 다동 무교동 관광특구,16528679477.0,165.3
20251,발달상권,가산디지털단지,16463494729.0,164.6
20232,관광특구,명동 남대문 북창동 다동 무교동 관광특구,16228036024.0,162.3
20251,발달상권,강남역,16197830276.0,162.0
20251,관광특구,명동 남대문 북창동 다동 무교동 관광특구,16034124142.0,160.3
20231,관광특구,명동 남대문 북창동 다동 무교동 관광특구,14757750720.0,147.6
20221,발달상권,강남역,14742309165.0,147.4
20224,관광특구,명동 남대문 북창동 다동 무교동 관광특구,14387558410.0,143.9
20242,관광특구,잠실 관광특구,14265520982.0,142.7
20243,관광특구,잠실 관광특구,14186846281.0,141.9
20252,관광특구,잠실 관광특구,14153881355.0,141.5
20223,관광특구,명동 남대문 북창동 다동 무교동 관광특구,14103953261.0,141.0
20234,관광특구,잠실 관광특구,14033585245.0,140.3
20253,관광특구,잠실 관광특구,13716719197.0,137.2
20233,발달상권,선릉역,13647237979.0,136.5
20223,발달상권,선릉역,13439227718.0,134.4
20232,발달상권,선릉역,13362700243.0,133.6
20224,발달상권,선릉역,13294546180.0,132.9
20244,관광특구,잠실 관광특구,13080326897.0,130.8
20231,발달상권,선릉역,12995894479.0,130.0
20241,관광특구,잠실 관광특구,12940336525.0,129.4
20251,관광특구,잠실 관광특구,12513275641.0,125.1
20222,발달상권,선릉역,12448425085.0,124.5
20234,발달상권,선릉역,12425435825.0,124.3
20231,관광특구,잠실 관광특구,12350688391.0,123.5
20242,발달상권,선릉역,12272520540.0,122.7
20243,발달상권,선릉역,12011991219.0,120.1
20241,발달상권,선릉역,11879453989.0,118.8
20222,관광특구,명동 남대문 북창동 다동 무교동 관광특구,11723724244.0,117.2
20223,발달상권,역삼역,11135460116.0,111.4
20244,발달상권,선릉역,11115507422.0,111.2
20233,발달상권,여의도역(여의도),10955640658.0,109.6
20223,관광특구,이태원 관광특구,10888307045.0,108.9
20221,발달상권,선릉역,10876606646.0,108.8
20253,발달상권,선릉역,10820531220.0,108.2
20253,발달상권,역삼역,10750975592.0,107.5
20243,발달상권,여의도역(여의도),10721642037.0,107.2
20224,발달상권,역삼역,10699134726.0,107.0
20232,발달상권,여의도역(여의도),10639631540.0,106.4
20223,발달상권,이태원(이태원역),10581976286.0,105.8
20233,발달상권,역삼역,10577918899.0,105.8
20222,발달상권,역삼역,10575644282.0,105.8
20253,발달상권,여의도역(여의도),10570637035.0,105.7
20232,발달상권,역삼역,10447592170.0,104.5
20234,발달상권,여의도역(여의도),10296924372.0,103.0
20231,발달상권,역삼역,10274958780.0,102.7
20244,발달상권,여의도역(여의도),10184067240.0,101.8
20242,발달상권,여의도역(여의도),10178576671.0,101.8
20224,발달상권,여의도역(여의도),10087683483.0,100.9
20252,발달상권,선릉역,10017678816.0,100.2
20223,발달상권,여의도역(여의도),9943203277.0,99.4
20252,발달상권,역삼역,9893910444.0,98.9
20241,발달상권,여의도역(여의도),9861722396.0,98.6
20222,관광특구,이태원 관광특구,9747984732.0,97.5
20253,발달상권,홍대입구역(홍대),9726414265.0,97.3
20243,발달상권,역삼역,9707577228.0,97.1
20221,발달상권,역삼역,9699596617.0,97.0
20232,관광특구,잠실 관광특구,9666264369.0,96.7
20233,발달상권,수서역,9659174912.0,96.6
20251,발달상권,선릉역,9616786595.0,96.2
20242,발달상권,역삼역,9575212824.0,95.8
20252,발달상권,여의도역(여의도),9566178327.0,95.7
20222,발달상권,이태원(이태원역),9468682975.0,94.7
20234,발달상권,역삼역,9437749013.0,94.4
20232,발달상권,수서역,9384070723.0,93.8
20243,발달상권,수서역,9356367938.0,93.6
20243,발달상권,홍대입구역(홍대),9342357889.0,93.4
20241,발달상권,역삼역,9269396353.0,92.7
20253,발달상권,수서역,9268815295.0,92.7
20231,발달상권,여의도역(여의도),9249135005.0,92.5
20223,관광특구,잠실 관광특구,9231866177.0,92.3
20242,발달상권,수서역,9075882134.0,90.8
20233,관광특구,잠실 관광특구,9044242721.0,90.4
20251,발달상권,여의도역(여의도),9038777349.0,90.4
20234,발달상권,수서역,9017270027.0,90.2
20244,발달상권,홍대입구역(홍대),9006042321.0,90.1
20224,관광특구,잠실 관광특구,8999140565.0,90.0
20244,발달상권,역삼역,8990637604.0,89.9
20223,발달상권,노량진역(노량진),8980677921.0,89.8
20252,발달상권,홍대입구역(홍대),8968898729.0,89.7
20222,관광특구,잠실 관광특구,8953715773.0,89.5
20224,발달상권,노량진역(노량진),8916273880.0,89.2
20244,발달상권,수서역,8887483853.0,88.9
20222,발달상권,여의도역(여의도),8798109414.0,88.0
20252,발달상권,수서역,8732409959.0,87.3
20224,발달상권,수서역,8729810696.0,87.3
20231,발달상권,수서역,8667926879.0,86.7
20251,발달상권,역삼역,8640813735.0,86.4
20232,발달상권,노량진역(노량진),8586642091.0,85.9
20231,발달상권,노량진역(노량진),8577923040.0,85.8
20222,발달상권,노량진역(노량진),8533451866.0,85.3
20241,발달상권,수서역,8490266772.0,84.9
20233,발달상권,노량진역(노량진),8440752432.0,84.4
20234,발달상권,노량진역(노량진),8397472340.0,84.0
20232,발달상권,"신촌역(신촌역, 신촌로터리)",8386592949.0,83.9
20222,발달상권,수서역,8369884586.0,83.7
20243,발달상권,"신촌역(신촌역, 신촌로터리)",8355031239.0,83.6
20251,발달상권,홍대입구역(홍대),8323943504.0,83.2
20234,발달상권,수유역,8318710235.0,83.2
20222,발달상권,신림역(신림),8302869578.0,83.0
20224,발달상권,신림역(신림),8256095708.0,82.6
20233,발달상권,"신촌역(신촌역, 신촌로터리)",8249041542.0,82.5
20233,발달상권,수유역,8237596165.0,82.4
20242,발달상권,홍대입구역(홍대),8226789769.0,82.3
20232,발달상권,수유역,8220594515.0,82.2
20223,발달상권,신림역(신림),8167127425.0,81.7
20242,발달상권,"신촌역(신촌역, 신촌로터리)",8158973529.0,81.6
20243,발달상권,수유역,8138256612.0,81.4
20223,발달상권,수서역,8133908008.0,81.3
20223,발달상권,수유역,8132615299.0,81.3
20231,발달상권,신림역(신림),8081123290.0,80.8
20234,발달상권,"신촌역(신촌역, 신촌로터리)",8060491965.0,80.6
20221,발달상권,노량진역(노량진),8044136895.0,80.4
20242,발달상권,수유역,7995887705.0,80.0
20251,발달상권,수서역,7992313710.0,79.9
20244,발달상권,수유역,7966614828.0,79.7
20241,발달상권,수유역,7961516995.0,79.6
20253,발달상권,"신촌역(신촌역, 신촌로터리)",7960533105.0,79.6
20244,발달상권,"신촌역(신촌역, 신촌로터리)",7936456345.0,79.4
20253,발달상권,수유역,7918233500.0,79.2
20252,발달상권,"신촌역(신촌역, 신촌로터리)",7905636584.0,79.1
20223,발달상권,"신촌역(신촌역, 신촌로터리)",7876809234.0,78.8
20223,발달상권,서울대입구역,7870457145.0,78.7
20252,발달상권,수유역,7734159767.0,77.3
20232,발달상권,신림역(신림),7723982900.0,77.2
20224,발달상권,수유역,7715614596.0,77.2
20222,발달상권,서울대입구역,7653755360.0,76.5
20241,발달상권,노량진역(노량진),7641273183.0,76.4
20221,관광특구,명동 남대문 북창동 다동 무교동 관광특구,7639368442.0,76.4
20224,발달상권,"신촌역(신촌역, 신촌로터리)",7630908101.0,76.3
20231,발달상권,수유역,7609292746.0,76.1
20241,발달상권,"신촌역(신촌역, 신촌로터리)",7488979480.0,74.9
20221,관광특구,잠실 관광특구,7416305600.0,74.2
20251,발달상권,수유역,7396831552.0,74.0
20241,발달상권,홍대입구역(홍대),7349144371.0,73.5
20231,발달상권,"신촌역(신촌역, 신촌로터리)",7272268085.0,72.7
20224,발달상권,서울대입구역,7270014883.0,72.7
20221,발달상권,신림역(신림),7252814820.0,72.5
20234,발달상권,홍대입구역(홍대),7241477329.0,72.4
20222,발달상권,을지로3가역,7168145981.0,71.7
20253,발달상권,잠실역,7114324305.0,71.1
20233,발달상권,은마아파트,7092876203.0,70.9
20222,발달상권,"신촌역(신촌역, 신촌로터리)",7086166565.0,70.9
20251,발달상권,"신촌역(신촌역, 신촌로터리)",7084068914.0,70.8
20221,관광특구,이태원 관광특구,7077873664.0,70.8
20243,발달상권,은마아파트,7058767695.0,70.6
20222,발달상권,수유역,7056596203.0,70.6
20221,발달상권,여의도역(여의도),7054914928.0,70.5
20223,발달상권,을지로3가역,6970906670.0,69.7
20232,발달상권,홍대입구역(홍대),6944129288.0,69.4
20242,발달상권,서울대입구역,6937204281.0,69.4
20221,발달상권,서울대입구역,6919069987.0,69.2
20233,발달상권,신림역(신림),6913505311.0,69.1
20233,발달상권,서울대입구역,6910667720.0,69.1
20233,발달상권,홍대입구역(홍대),6909009886.0,69.1
20231,발달상권,서울대입구역,6879566877.0,68.8
20242,발달상권,문정역,6877791998.0,68.8
20232,발달상권,건대입구역(건대),6865132307.0,68.7
20243,발달상권,문정역,6848152540.0,68.5
20221,발달상권,이태원(이태원역),6831803063.0,68.3
20242,발달상권,노량진역(노량진),6822694268.0,68.2
20252,발달상권,잠실역,6771774696.0,67.7
20243,발달상권,잠실역,6767120209.0,67.7
20243,발달상권,서울대입구역,6766169646.0,67.7
20253,발달상권,뱅뱅사거리,6765687035.0,67.7
20232,발달상권,서울대입구역,6730774456.0,67.3
20221,발달상권,수서역,6722268682.0,67.2
20253,발달상권,문정역,6706166953.0,67.1
20241,발달상권,서울대입구역,6662135576.0,66.6
20234,발달상권,건대입구역(건대),6634412000.0,66.3
20223,발달상권,동대문역사문화공원역,6615159170.0,66.2
20242,발달상권,건대입구역(건대),6606230651.0,66.1
20242,발달상권,잠실역,6595500703.0,66.0
20253,발달상권,삼성역,6593181550.0,65.9
20233,발달상권,영등포역(영등포),6582125176.0,65.8
20243,발달상권,노량진역(노량진),6545686670.0,65.5
20234,발달상권,영등포역(영등포),6540853145.0,65.4
20233,발달상권,뱅뱅사거리,6531371327.0,65.3
20231,발달상권,잠실역,6520511540.0,65.2
20233,발달상권,건대입구역(건대),6504010552.0,65.0
20223,발달상권,은마아파트,6497865286.0,65.0
20251,발달상권,잠실역,6491560469.0,64.9
20223,발달상권,홍대입구역(홍대),6459655937.0,64.6
20243,발달상권,천호역,6449148179.0,64.5
20234,발달상권,잠실역,6446315964.0,64.5
20244,발달상권,노량진역(노량진),6435949487.0,64.4
20224,발달상권,영등포역(영등포),6422700936.0,64.2
20252,발달상권,문정역,6420217418.0,64.2
20253,발달상권,동대문역사문화공원역,6417125002.0,64.2
20244,발달상권,서울대입구역,6406326714.0,64.1
20253,발달상권,이태원(이태원역),6390426168.0,63.9
20221,발달상권,수유역,6379920688.0,63.8
20232,발달상권,영등포역(영등포),6378364263.0,63.8
20242,발달상권,천호역,6354025469.0,63.5
20244,발달상권,잠실역,6351841007.0,63.5
20224,발달상권,을지로3가역,6348756253.0,63.5
20231,발달상권,홍대입구역(홍대),6345279559.0,63.5
20242,발달상권,은마아파트,6344844328.0,63.4
20231,발달상권,영등포역(영등포),6338835425.0,63.4
20241,발달상권,잠실역,6331225138.0,63.3
20223,발달상권,영등포역(영등포),6317269794.0,63.2
20241,발달상권,영등포역(영등포),6316671013.0,63.2
20234,발달상권,서울대입구역,6313716869.0,63.1
20234,발달상권,신림역(신림),6305025963.0,63.1
20224,발달상권,홍대입구역(홍대),6303765826.0,63.0
20253,관광특구,강남 마이스 관광특구,6301621604.0,63.0
20221,발달상권,"신촌역(신촌역, 신촌로터리)",6291224388.0,62.9
20222,발달상권,동대문역사문화공원역,6291048347.0,62.9
20244,발달상권,문정역,6289835511.0,62.9
20222,발달상권,영등포역(영등포),6284827408.0,62.8
20222,발달상권,홍대입구역(홍대),6281775249.0,62.8
20224,발달상권,동대문역사문화공원역,6262932600.0,62.6
20233,발달상권,동대문역사문화공원역,6257080109.0,62.6
20233,발달상권,신논현역,6255501611.0,62.6
20223,발달상권,연남동(홍대),6247784223.0,62.5
20232,발달상권,신논현역,6234841897.0,62.3
20223,발달상권,뱅뱅사거리,6234491507.0,62.3
20232,발달상권,은마아파트,6229089196.0,62.3
20253,발달상권,서울역,6212631364.0,62.1
20243,발달상권,동대문역사문화공원역,6204901860.0,62.0
20233,발달상권,천호역,6192768990.0,61.9
20234,발달상권,천호역,6189913271.0,61.9
20253,발달상권,은마아파트,6188103987.0,61.9
20242,발달상권,신림역(신림),6149065987.0,61.5
20243,발달상권,신림역(신림),6136283041.0,61.4
20243,발달상권,건대입구역(건대),6115237755.0,61.2
20241,발달상권,건대입구역(건대),6109162191.0,61.1
20234,발달상권,동대문역사문화공원역,6108513160.0,61.1
20253,발달상권,노량진역(노량진),6107012271.0,61.1
20241,발달상권,신림역(신림),6103327323.0,61.0
20241,발달상권,은마아파트,6078875747.0,60.8
20231,발달상권,을지로3가역,6059420476.0,60.6
20253,발달상권,성수역,6056870717.0,60.6
20252,발달상권,뱅뱅사거리,6053944570.0,60.5
20244,발달상권,건대입구역(건대),6052207027.0,60.5
20222,발달상권,뱅뱅사거리,6041871342.0,60.4
20234,발달상권,신논현역,6036488652.0,60.4
20233,발달상권,이태원(이태원역),6032992516.0,60.3
20252,발달상권,노량진역(노량진),6025740600.0,60.3
20232,발달상권,천호역,6001371801.0,60.0
20244,발달상권,서울역,5987593402.0,59.9
20244,발달상권,천호역,5984567047.0,59.8
20224,발달상권,신논현역,5955708937.0,59.6
20233,발달상권,연남동(홍대),5943957682.0,59.4
20223,발달상권,신사역,5942407032.0,59.4
20243,발달상권,신논현역,5934556834.0,59.3
20253,발달상권,서울대입구역,5933397491.0,59.3
20253,발달상권,천호역,5932737810.0,59.3
20241,발달상권,천호역,5925827217.0,59.3
20251,발달상권,노량진역(노량진),5916337192.0,59.2
20224,발달상권,건대입구역(건대),5913079230.0,59.1
20233,관광특구,동대문패션타운 관광특구,5912104783.0,59.1
20233,관광특구,이태원 관광특구,5910737724.0,59.1
20253,발달상권,명동(명동거리),5910295967.0,59.1
20253,관광특구,이태원 관광특구,5899150569.0,59.0
20252,발달상권,서울역,5898575162.0,59.0
20223,관광특구,동대문패션타운 관광특구,5894554434.0,58.9
20223,발달상권,신논현역,5892029034.0,58.9
20251,발달상권,문정역,5886110187.0,58.9
20252,발달상권,삼성역,5881917761.0,58.8
20243,발달상권,서울역,5877002960.0,58.8
20233,발달상권,신사역,5870438929.0,58.7
20243,발달상권,이태원(이태원역),5857671003.0,58.6
20222,발달상권,건대입구역(건대),5853822300.0,58.5
20252,발달상권,성수역,5853553533.0,58.5
20251,발달상권,은마아파트,5844473306.0,58.4
20242,발달상권,신논현역,5841591181.0,58.4
20252,발달상권,천호역,5840974988.0,58.4
20223,발달상권,건대입구역(건대),5838546100.0,58.4
20252,발달상권,이태원(이태원역),5837309819.0,58.4
20242,발달상권,서울역,5835459160.0,58.4
20232,발달상권,동대문역사문화공원역,5821443562.0,58.2
20222,발달상권,연남동(홍대),5816884250.0,58.2
20224,발달상권,연남동(홍대),5812841481.0,58.1
20232,관광특구,동대문패션타운 관광특구,5809118332.0,58.1
20252,발달상권,서울대입구역,5795337034.0,58.0
20242,발달상권,영등포역(영등포),5793162345.0,57.9
20223,발달상권,구로디지털단지,5792906457.0,57.9
20221,발달상권,동대문역사문화공원역,5792143239.0,57.9
20231,발달상권,은마아파트,5790882076.0,57.9
20221,발달상권,뱅뱅사거리,5790656526.0,57.9
20231,발달상권,건대입구역(건대),5780422548.0,57.8
20224,발달상권,신사역,5764040269.0,57.6
20233,발달상권,문정역,5763639028.0,57.6
20232,발달상권,신사역,5763581770.0,57.6
20244,발달상권,동대문역사문화공원역,5761688268.0,57.6
20253,관광특구,동대문패션타운 관광특구,5760396112.0,57.6
20234,발달상권,은마아파트,5743959306.0,57.4
20231,발달상권,동대문역사문화공원역,5737085108.0,57.4
20231,발달상권,신논현역,5727888739.0,57.3
20253,발달상권,신논현역,5715229892.0,57.2
20224,관광특구,동대문패션타운 관광특구,5708873041.0,57.1
20252,발달상권,동대문역사문화공원역,5708267263.0,57.1
20244,발달상권,신림역(신림),5706287770.0,57.1
20251,발달상권,삼성역,5693617024.0,56.9
20241,발달상권,동대문역사문화공원역,5683294850.0,56.8
20234,발달상권,이태원(이태원역),5682582920.0,56.8
20253,발달상권,신림역(신림),5681979707.0,56.8
20241,발달상권,신논현역,5678487695.0,56.8
20224,발달상권,은마아파트,5671478990.0,56.7
20223,발달상권,잠실새내역(신천),5668965011.0,56.7
20223,발달상권,문정역,5659118385.0,56.6
20221,발달상권,영등포역(영등포),5633809073.0,56.3
20222,관광특구,동대문패션타운 관광특구,5632860436.0,56.3
20222,발달상권,신논현역,5630163136.0,56.3
20244,발달상권,삼성역,5622462058.0,56.2
20242,발달상권,동대문역사문화공원역,5621503095.0,56.2
20233,발달상권,삼성역,5600799459.0,56.0
20252,발달상권,은마아파트,5600192750.0,56.0
20224,발달상권,뱅뱅사거리,5595255768.0,56.0
20244,발달상권,이태원(이태원역),5584401411.0,55.8
20234,발달상권,문정역,5577130038.0,55.8
20252,관광특구,강남 마이스 관광특구,5574074102.0,55.7
20252,발달상권,신림역(신림),5574068640.0,55.7
20242,발달상권,이태원(이태원역),5568362439.0,55.7
20243,발달상권,서울시청,5562140852.0,55.6
20232,발달상권,문정역,5555377378.0,55.6
20253,발달상권,서울시청,5553425653.0,55.5
20232,발달상권,서울역,5550893065.0,55.5
20232,발달상권,뱅뱅사거리,5550880958.0,55.5
20243,발달상권,명동(명동거리),5547768977.0,55.5
20234,발달상권,서울역,5542058629.0,55.4
20224,관광특구,이태원 관광특구,5539970937.0,55.4
20252,발달상권,건대입구역(건대),5536739976.0,55.4
20232,발달상권,잠실새내역(신천),5535115469.0,55.4
20253,발달상권,잠실새내역(신천),5534326293.0,55.3
20244,발달상권,신논현역,5533806457.0,55.3
20241,발달상권,문정역,5529892544.0,55.3
20222,발달상권,문정역,5527052082.0,55.3
20232,발달상권,연남동(홍대),5511615533.0,55.1
20222,발달상권,은마아파트,5506910348.0,55.1
20221,발달상권,을지로3가역,5501282162.0,55.0
20222,발달상권,구로디지털단지,5494969638.0,54.9
20234,관광특구,동대문패션타운 관광특구,5493045813.0,54.9
20251,발달상권,천호역,5492070686.0,54.9
20233,발달상권,서울역,5480342789.0,54.8
20251,발달상권,성수역,5474560044.0,54.7
20243,발달상권,잠실새내역(신천),5470232777.0,54.7
20251,발달상권,서울대입구역,5462537042.0,54.6
20243,관광특구,이태원 관광특구,5457002413.0,54.6
20243,관광특구,동대문패션타운 관광특구,5455682969.0,54.6
20234,관광특구,이태원 관광특구,5451993082.0,54.5
20241,발달상권,연남동(홍대),5451592360.0,54.5
20251,관광특구,강남 마이스 관광특구,5443817723.0,54.4
20231,발달상권,신사역,5441086077.0,54.4
20231,발달상권,연남동(홍대),5434011548.0,54.3
20243,발달상권,연남동(홍대),5433821296.0,54.3
20222,발달상권,잠실새내역(신천),5426220146.0,54.3
20243,발달상권,영등포역(영등포),5425595728.0,54.3
20242,발달상권,서울시청,5422848906.0,54.2
20224,발달상권,서울역,5393404269.0,53.9
20224,발달상권,문정역,5392612853.0,53.9
20252,발달상권,신논현역,5384071885.0,53.8
20234,발달상권,뱅뱅사거리,5377885986.0,53.8
20252,관광특구,이태원 관광특구,5374108949.0,53.7
20244,발달상권,은마아파트,5364322980.0,53.6
20253,관광특구,종로·청계 관광특구,5355192363.0,53.6
20223,발달상권,DMC(디지털미디어시티),5352952679.0,53.5
20233,발달상권,서울시청,5344951675.0,53.4
20231,발달상권,뱅뱅사거리,5344069476.0,53.4
20231,관광특구,동대문패션타운 관광특구,5341666957.0,53.4
20251,발달상권,서울역,5340493415.0,53.4
20242,발달상권,연남동(홍대),5340266606.0,53.4
20231,발달상권,천호역,5338330837.0,53.4
20232,발달상권,을지로3가역,5317982920.0,53.2
20244,발달상권,명동(명동거리),5316072407.0,53.2
20243,발달상권,뱅뱅사거리,5313816951.0,53.1
20244,관광특구,동대문패션타운 관광특구,5301429250.0,53.0
20233,발달상권,잠실새내역(신천),5295441042.0,53.0
20223,발달상권,교대역(법원.검찰청),5285860310.0,52.9
20231,발달상권,삼성역,5281079201.0,52.8
20251,발달상권,동대문역사문화공원역,5280410399.0,52.8
20241,발달상권,서울역,5274009413.0,52.7
20234,발달상권,삼성역,5270833126.0,52.7
20224,발달상권,이태원(이태원역),5270037986.0,52.7
20232,발달상권,구로디지털단지,5266605585.0,52.7
20224,발달상권,삼성역,5263484546.0,52.6
20244,관광특구,강남 마이스 관광특구,5257072812.0,52.6
20244,관광특구,이태원 관광특구,5256008058.0,52.6
20233,발달상권,DMC(디지털미디어시티),5254830975.0,52.5
20253,발달상권,건대입구역(건대),5248299128.0,52.5
20243,발달상권,삼성역,5239701949.0,52.4
20231,발달상권,문정역,5234740943.0,52.3
20221,발달상권,문정역,5233941199.0,52.3
20222,발달상권,삼성역,5228105320.0,52.3
20242,관광특구,이태원 관광특구,5227495270.0,52.3
20242,발달상권,잠실새내역(신천),5225930447.0,52.3
20244,발달상권,서울시청,5222496085.0,52.2
20242,발달상권,뱅뱅사거리,5216597309.0,52.2
20242,관광특구,동대문패션타운 관광특구,5201653775.0,52.0
20232,발달상권,삼성역,5200729821.0,52.0
20251,발달상권,신논현역,5199693863.0,52.0
20252,발달상권,명동(명동거리),5199569170.0,52.0
20234,발달상권,명동(명동거리),5197996457.0,52.0
20232,관광특구,이태원 관광특구,5182979168.0,51.8
20251,발달상권,건대입구역(건대),5173914032.0,51.7
20223,발달상권,종로3가역,5173242903.0,51.7
20242,발달상권,종로3가역,5170546240.0,51.7
20253,발달상권,영등포역(영등포),5166710095.0,51.7
20221,발달상권,오류동역,5161748699.0,51.6
20232,발달상권,DMC(디지털미디어시티),5154994925.0,51.5
20244,발달상권,성수역,5148941285.0,51.5
20233,발달상권,종로3가역,5148353246.0,51.5
20241,발달상권,이태원(이태원역),5131150363.0,51.3
20241,관광특구,동대문패션타운 관광특구,5127764899.0,51.3
20252,관광특구,동대문패션타운 관광특구,5124401823.0,51.2
20224,발달상권,DMC(디지털미디어시티),5121548233.0,51.2
20234,발달상권,신사역,5119369641.0,51.2
20231,발달상권,DMC(디지털미디어시티),5109075770.0,51.1
20241,발달상권,뱅뱅사거리,5105389998.0,51.1
20233,발달상권,구로디지털단지,5100949494.0,51.0
20233,관광특구,강남 마이스 관광특구,5093736819.0,50.9
20251,발달상권,신림역(신림),5087364906.0,50.9
20224,발달상권,잠실새내역(신천),5086516822.0,50.9
20233,발달상권,교대역(법원.검찰청),5081725522.0,50.8
20222,발달상권,DMC(디지털미디어시티),5066115775.0,50.7
20252,발달상권,종로3가역,5058605627.0,50.6
20243,발달상권,교대역(법원.검찰청),5055352014.0,50.6
20243,관광특구,종로·청계 관광특구,5052699610.0,50.5
20242,발달상권,삼성역,5049513619.0,50.5
20252,발달상권,잠실새내역(신천),5039592219.0,50.4
20224,발달상권,구로디지털단지,5038123038.0,50.4
20221,발달상권,은마아파트,5034896749.0,50.3
20232,발달상권,종로3가역,5033144209.0,50.3
20221,발달상권,구로디지털단지,5026021080.0,50.3
20244,발달상권,연남동(홍대),5023433617.0,50.2
20234,발달상권,서울시청,5020796828.0,50.2
20222,발달상권,교대역(법원.검찰청),5009699253.0,50.1
20223,발달상권,삼성역,5001335025.0,50.0
20243,발달상권,DMC(디지털미디어시티),5000455860.0,50.0
20224,발달상권,천호역,4990812311.0,49.9
20241,발달상권,삼성역,4989756209.0,49.9
20233,발달상권,장한평역(장한평),4986826182.0,49.9
20223,발달상권,천호역,4984210726.0,49.8
20224,발달상권,교대역(법원.검찰청),4981591607.0,49.8
20252,발달상권,서울시청,4978705571.0,49.8
20222,발달상권,가로수길,4967550872.0,49.7
20232,발달상권,교대역(법원.검찰청),4958580663.0,49.6
20242,관광특구,종로·청계 관광특구,4957697392.0,49.6
20244,발달상권,뱅뱅사거리,4953235915.0,49.5
20221,발달상권,홍대입구역(홍대),4949148804.0,49.5
20224,발달상권,포스코사거리,4936077535.0,49.4
20244,발달상권,영등포역(영등포),4927278302.0,49.3
20253,발달상권,DMC(디지털미디어시티),4925404858.0,49.3
20232,발달상권,이태원(이태원역),4923855324.0,49.2
20241,관광특구,이태원 관광특구,4912405486.0,49.1
20222,발달상권,신사역,4907062073.0,49.1
20231,발달상권,구로디지털단지,4892396412.0,48.9
20221,관광특구,동대문패션타운 관광특구,4891806695.0,48.9
20231,발달상권,서울역,4876126116.0,48.8
20251,발달상권,이태원(이태원역),4871004434.0,48.7
20221,발달상권,연남동(홍대),4865206108.0,48.7
20224,발달상권,종로3가역,4855091520.0,48.6
20232,발달상권,서울시청,4854671143.0,48.5
20252,발달상권,영등포역(영등포),4849558096.0,48.5
20221,발달상권,신논현역,4845560225.0,48.5
20243,관광특구,강남 마이스 관광특구,4837532602.0,48.4
20234,관광특구,종로·청계 관광특구,4826347212.0,48.3
20232,발달상권,발산역(마곡),4816254803.0,48.2
20244,관광특구,종로·청계 관광특구,4812516352.0,48.1
20243,발달상권,종로3가역,4811495830.0,48.1
20251,발달상권,영등포역(영등포),4810410689.0,48.1
20253,발달상권,교대역(법원.검찰청),4807394118.0,48.1
20252,관광특구,종로·청계 관광특구,4806691141.0,48.1
20221,발달상권,잠실새내역(신천),4804784238.0,48.0
20251,발달상권,명동(명동거리),4796655994.0,48.0
20234,발달상권,DMC(디지털미디어시티),4794683479.0,47.9
20234,발달상권,잠실새내역(신천),4785641934.0,47.9
20244,발달상권,잠실새내역(신천),4785275679.0,47.9
20253,발달상권,연남동(홍대),4782983461.0,47.8
20222,발달상권,발산역(마곡),4781872422.0,47.8
20223,발달상권,포스코사거리,4772546056.0,47.7
20224,발달상권,발산역(마곡),4764016925.0,47.6
20233,발달상권,포스코사거리,4760998941.0,47.6
20233,발달상권,성수역,4760505238.0,47.6
20242,발달상권,교대역(법원.검찰청),4758050668.0,47.6
20241,발달상권,서울시청,4757205753.0,47.6
20244,발달상권,교대역(법원.검찰청),4754444731.0,47.5
20241,발달상권,신사역,4746035240.0,47.5
20222,발달상권,종로3가역,4738703718.0,47.4
20232,발달상권,장한평역(장한평),4738011076.0,47.4
20232,관광특구,강남 마이스 관광특구,4737122576.0,47.4
20242,발달상권,DMC(디지털미디어시티),4722509009.0,47.2
20251,발달상권,뱅뱅사거리,4720425907.0,47.2
20224,관광특구,강남 마이스 관광특구,4719805384.0,47.2
20234,관광특구,강남 마이스 관광특구,4719577323.0,47.2
20253,발달상권,을지로3가역,4718847173.0,47.2
20253,발달상권,포스코사거리,4702059730.0,47.0
20244,발달상권,DMC(디지털미디어시티),4690652093.0,46.9
20231,관광특구,강남 마이스 관광특구,4680312936.0,46.8
20234,발달상권,교대역(법원.검찰청),4675195466.0,46.8
20232,발달상권,포스코사거리,4654547236.0,46.5
20234,발달상권,연남동(홍대),4653829748.0,46.5
20253,발달상권,종로3가역,4648391419.0,46.5
20233,발달상권,오류동역,4638663750.0,46.4
20222,발달상권,포스코사거리,4624145736.0,46.2
20251,발달상권,연남동(홍대),4618803537.0,46.2
20233,발달상권,발산역(마곡),4616092026.0,46.2
20234,발달상권,장한평역(장한평),4609590175.0,46.1
20234,발달상권,종로3가역,4607650453.0,46.1
20253,발달상권,구로디지털단지,4593980212.0,45.9
20251,관광특구,이태원 관광특구,4591515085.0,45.9
20251,관광특구,동대문패션타운 관광특구,4590418070.0,45.9
20241,발달상권,명동(명동거리),4580364766.0,45.8
20223,발달상권,발산역(마곡),4572158581.0,45.7
20252,발달상권,교대역(법원.검찰청),4562484637.0,45.6
20241,관광특구,강남 마이스 관광특구,4559608186.0,45.6
20253,발달상권,장한평역(장한평),4558483096.0,45.6
20243,발달상권,장한평역(장한평),4547733027.0,45.5
20242,관광특구,강남 마이스 관광특구,4545074838.0,45.5
20241,관광특구,종로·청계 관광특구,4535764851.0,45.4
20253,발달상권,한티역,4534973931.0,45.3
20234,발달상권,오류동역,4534359304.0,45.3
20244,발달상권,종로3가역,4533129754.0,45.3
20231,발달상권,잠실새내역(신천),4527429942.0,45.3
20244,발달상권,장한평역(장한평),4527363661.0,45.3
20252,발달상권,DMC(디지털미디어시티),4522721528.0,45.2
20223,발달상권,성수역,4522504293.0,45.2
20232,발달상권,오류동역,4508549047.0,45.1
20251,발달상권,서울시청,4501371135.0,45.0
20222,관광특구,강남 마이스 관광특구,4494458914.0,44.9
20231,발달상권,명동(명동거리),4481078420.0,44.8
20221,발달상권,삼성역,4479993914.0,44.8
20231,발달상권,교대역(법원.검찰청),4473519377.0,44.7
20242,발달상권,장한평역(장한평),4467063451.0,44.7
20241,발달상권,을지로3가역,4457668017.0,44.6
20233,발달상권,명동(명동거리),4455903004.0,44.6
20221,발달상권,DMC(디지털미디어시티),4453313063.0,44.5
20252,발달상권,연남동(홍대),4446542372.0,44.5
20231,발달상권,포스코사거리,4442342891.0,44.4
20221,발달상권,건대입구역(건대),4442284803.0,44.4
20253,발달상권,강서구청,4436545747.0,44.4
20222,발달상권,오류동역,4408954731.0,44.1
20234,발달상권,성수역,4407158694.0,44.1
20241,발달상권,장한평역(장한평),4403784963.0,44.0
20223,관광특구,강남 마이스 관광특구,4401283950.0,44.0
20241,발달상권,교대역(법원.검찰청),4392170709.0,43.9
20223,발달상권,장한평역(장한평),4392070933.0,43.9
20234,발달상권,발산역(마곡),4391181088.0,43.9
20251,발달상권,잠실새내역(신천),4390367533.0,43.9
20252,발달상권,포스코사거리,4386229507.0,43.9
20234,발달상권,포스코사거리,4382866375.0,43.8
20243,발달상권,포스코사거리,4374549476.0,43.7
20241,발달상권,잠실새내역(신천),4367156734.0,43.7
20223,발달상권,오류동역,4366420084.0,43.7
20224,발달상권,성수역,4364343852.0,43.6
20231,발달상권,종로3가역,4361039655.0,43.6
20252,발달상권,장한평역(장한평),4358175575.0,43.6
20243,발달상권,성수역,4349124234.0,43.5
20243,발달상권,구로디지털단지,4347819001.0,43.5
20242,발달상권,성수역,4341532829.0,43.4
20243,발달상권,을지로3가역,4338885813.0,43.4
20231,관광특구,이태원 관광특구,4334875594.0,43.3
20242,발달상권,포스코사거리,4328587029.0,43.3
20234,발달상권,구로디지털단지,4325670641.0,43.3
20222,발달상권,서울역,4323638958.0,43.2
20221,발달상권,교대역(법원.검찰청),4317240946.0,43.2
20233,관광특구,종로·청계 관광특구,4316043230.0,43.2
20224,발달상권,장한평역(장한평),4307191578.0,43.1
20223,발달상권,가로수길,4299388233.0,43.0
20224,발달상권,오류동역,4292533437.0,42.9
20222,발달상권,성수역,4285561732.0,42.9
20233,발달상권,을지로3가역,4275154978.0,42.8
20232,골목상권,장안1동주민센터,4273801843.0,42.7
20242,발달상권,발산역(마곡),4273800450.0,42.7
20224,발달상권,국회의사당역(국회의사당),4269977079.0,42.7
20251,관광특구,종로·청계 관광특구,4267590896.0,42.7
20252,발달상권,을지로3가역,4245512228.0,42.5
20244,발달상권,을지로3가역,4243919332.0,42.4
20223,관광특구,종로·청계 관광특구,4236495452.0,42.4
20223,발달상권,서울시청,4231952465.0,42.3
20244,발달상권,포스코사거리,4227421002.0,42.3
20251,발달상권,교대역(법원.검찰청),4227247859.0,42.3
20222,발달상권,천호역,4226841619.0,42.3
20233,발달상권,노원역,4210975829.0,42.1
20231,발달상권,발산역(마곡),4207659190.0,42.1
20241,발달상권,성수역,4199694253.0,42.0
20241,발달상권,종로3가역,4196109401.0,42.0
20243,발달상권,발산역(마곡),4194467887.0,41.9
20231,발달상권,오류동역,4193468640.0,41.9
20241,발달상권,DMC(디지털미디어시티),4185695377.0,41.9
20241,발달상권,포스코사거리,4174865224.0,41.7
20221,발달상권,포스코사거리,4168206883.0,41.7
20232,관광특구,종로·청계 관광특구,4163886072.0,41.6
20244,발달상권,구로디지털단지,4163540092.0,41.6
20232,발달상권,명동(명동거리),4162034994.0,41.6
20232,발달상권,성수역,4154005349.0,41.5
20251,발달상권,DMC(디지털미디어시티),4153096683.0,41.5
20242,발달상권,을지로3가역,4135140691.0,41.4
20242,발달상권,명동(명동거리),4133897049.0,41.3
20221,골목상권,장안1동주민센터,4129725770.0,41.3
20252,발달상권,한티역,4121065009.0,41.2
20251,발달상권,장한평역(장한평),4116721547.0,41.2
20231,발달상권,이태원(이태원역),4109790666.0,41.1
20233,골목상권,장안1동주민센터,4103151616.0,41.0
20232,발달상권,국회의사당역(국회의사당),4102339236.0,41.0
20242,발달상권,구로디지털단지,4089421911.0,40.9
20231,발달상권,성수역,4078243778.0,40.8
20244,발달상권,발산역(마곡),4075061568.0,40.8
20222,골목상권,장안1동주민센터,4070930496.0,40.7
20241,발달상권,구로디지털단지,4070526768.0,40.7
20222,발달상권,장한평역(장한평),4070009530.0,40.7
20232,발달상권,가락시장역,4064333065.0,40.6
20233,발달상권,가로수길,4062812323.0,40.6
20252,발달상권,구로디지털단지,4056214655.0,40.6
20233,발달상권,국회의사당역(국회의사당),4054137710.0,40.5
20223,발달상권,강서구청,4047102552.0,40.5
20223,발달상권,국회의사당역(국회의사당),4042605798.0,40.4
20242,발달상권,오류동역,4033320014.0,40.3
20223,발달상권,가락시장역,4026354249.0,40.3
20223,골목상권,장안1동주민센터,4024793614.0,40.2
20243,발달상권,오류동역,4024173148.0,40.2
20234,발달상권,노원역,4010175421.0,40.1
20234,발달상권,을지로3가역,4008373435.0,40.1
20253,발달상권,오류동역,4005337746.0,40.1
20223,발달상권,광화문역,3996485864.0,40.0
20224,관광특구,종로·청계 관광특구,3992563510.0,39.9
20224,골목상권,장안1동주민센터,3977720563.0,39.8
20231,골목상권,장안1동주민센터,3954550074.0,39.5
20232,발달상권,노원역,3950866652.0,39.5
20241,발달상권,발산역(마곡),3949607219.0,39.5
20244,발달상권,오류동역,3937822978.0,39.4
20241,발달상권,오류동역,3932778188.0,39.3
20224,발달상권,서울시청,3929171786.0,39.3
20221,발달상권,발산역(마곡),3919354818.0,39.2
20221,관광특구,강남 마이스 관광특구,3917074275.0,39.2
20251,발달상권,종로3가역,3914506015.0,39.1
20222,발달상권,합정역,3910677061.0,39.1
20252,발달상권,오류동역,3900008259.0,39.0
20253,발달상권,가락시장역,3898187558.0,39.0
20222,발달상권,가락시장역,3891420442.0,38.9
20233,발달상권,가락시장역,3889220514.0,38.9
20243,발달상권,노원역,3887352396.0,38.9
20221,발달상권,가로수길,3884008932.0,38.8
20253,발달상권,노원역,3882126753.0,38.8
20231,발달상권,국회의사당역(국회의사당),3879036441.0,38.8
20243,발달상권,강서구청,3878080353.0,38.8
20234,발달상권,가락시장역,3867792753.0,38.7
20244,발달상권,한티역,3865543432.0,38.7
20224,발달상권,가로수길,3864661507.0,38.6
20244,발달상권,강서구청,3856357283.0,38.6
20222,발달상권,강서구청,3852709175.0,38.5
20243,발달상권,가락시장역,3848872060.0,38.5
20242,발달상권,노원역,3847639613.0,38.5
20233,발달상권,합정역,3832465140.0,38.3
20223,발달상권,합정역,3830318916.0,38.3
20221,발달상권,종로3가역,3825992491.0,38.3
20224,발달상권,광화문역,3823087585.0,38.2
20233,발달상권,강서구청,3821050466.0,38.2
20252,발달상권,강서구청,3820492460.0,38.2
20221,발달상권,천호역,3802662322.0,38.0
20223,발달상권,방이동먹자골목,3795331368.0,38.0
20242,발달상권,가락시장역,3790527931.0,37.9
20251,발달상권,구로디지털단지,3784055535.0,37.8
20253,발달상권,합정역,3774524726.0,37.7
20244,발달상권,가락시장역,3771238257.0,37.7
20231,발달상권,장한평역(장한평),3769191941.0,37.7
20232,발달상권,광화문역,3767041204.0,37.7
20234,발달상권,가로수길,3765825724.0,37.7
20224,발달상권,가락시장역,3765735014.0,37.7
20243,발달상권,광화문역,3764955006.0,37.6
20232,발달상권,합정역,3763844847.0,37.6
20224,발달상권,강서구청,3757827776.0,37.6
20231,발달상권,가락시장역,3755331590.0,37.6
20223,발달상권,노원역,3753830085.0,37.5
20253,발달상권,발산역(마곡),3751013729.0,37.5
20251,발달상권,포스코사거리,3745261781.0,37.5
20233,발달상권,광화문역,3742231061.0,37.4
20231,발달상권,서울시청,3735097701.0,37.4
20251,발달상권,을지로3가역,3727617317.0,37.3
20243,발달상권,가로수길,3723591887.0,37.2
20244,발달상권,노원역,3719418465.0,37.2
20231,관광특구,종로·청계 관광특구,3719078980.0,37.2
20232,발달상권,강서구청,3718845832.0,37.2
20233,발달상권,포이사거리(삼호물산),3709937520.0,37.1
20222,발달상권,국회의사당역(국회의사당),3695184192.0,37.0
20252,발달상권,발산역(마곡),3694937381.0,36.9
20224,발달상권,노원역,3694349415.0,36.9
20241,발달상권,노원역,3688834465.0,36.9
20234,골목상권,장안1동주민센터,3676620032.0,36.8
20222,관광특구,종로·청계 관광특구,3670940156.0,36.7
20224,발달상권,명동(명동거리),3669670927.0,36.7
20252,발달상권,가락시장역,3653179409.0,36.5
20221,발달상권,성수역,3650978781.0,36.5
20243,발달상권,포이사거리(삼호물산),3644841457.0,36.4
20233,발달상권,언주역(차병원),3630270626.0,36.3
20251,발달상권,오류동역,3628767789.0,36.3
20221,발달상권,장한평역(장한평),3625102880.0,36.3
20252,발달상권,노원역,3623308914.0,36.2
20234,발달상권,광화문역,3620071309.0,36.2
20242,발달상권,방이동먹자골목,3615394571.0,36.2
20241,발달상권,가로수길,3611816338.0,36.1
20242,발달상권,가로수길,3605964021.0,36.1
20251,발달상권,한티역,3589177467.0,35.9
20243,골목상권,장안1동주민센터,3587918584.0,35.9
20242,발달상권,강서구청,3584353966.0,35.8
20223,골목상권,성수초등학교,3581874325.0,35.8
20242,발달상권,광화문역,3577737547.0,35.8
20232,골목상권,성수초등학교,3577348353.0,35.8
20241,발달상권,가락시장역,3576114574.0,35.8
20222,발달상권,노원역,3569989440.0,35.7
20234,발달상권,포이사거리(삼호물산),3558122290.0,35.6
20243,발달상권,방이동먹자골목,3556895536.0,35.6
20224,발달상권,몽촌토성역,3556687718.0,35.6
20243,발달상권,한티역,3548806543.0,35.5
20224,발달상권,방이동먹자골목,3546712081.0,35.5
20232,발달상권,몽촌토성역,3546350847.0,35.5
20222,발달상권,방이동먹자골목,3541096494.0,35.4
20243,발달상권,합정역,3528304090.0,35.3
20234,발달상권,구로디지털단지역,3523603316.0,35.2
20253,발달상권,종각역,3522068821.0,35.2
20251,발달상권,강서구청,3520512693.0,35.2
20222,발달상권,광화문역,3520261527.0,35.2
20242,발달상권,포이사거리(삼호물산),3516223412.0,35.2
20231,발달상권,강서구청,3516207359.0,35.2
20251,발달상권,발산역(마곡),3510434501.0,35.1
20233,발달상권,약수역,3500890916.0,35.0
20242,골목상권,장안1동주민센터,3491142493.0,34.9
20253,골목상권,장안1동주민센터,3490993527.0,34.9
20242,발달상권,신당역,3486131205.0,34.9
20231,발달상권,노원역,3484649457.0,34.8
20243,발달상권,구로디지털단지역,3478637132.0,34.8
20233,발달상권,신당역,3477185756.0,34.8
20223,골목상권,마포구청역 1번,3469444236.0,34.7
20252,발달상권,국회의사당역(국회의사당),3465575165.0,34.7
20232,발달상권,포이사거리(삼호물산),3463384451.0,34.6
20234,발달상권,몽촌토성역,3462807261.0,34.6
20223,발달상권,청량리역(청량리),3458706996.0,34.6
20244,발달상권,국회의사당역(국회의사당),3447339803.0,34.5
20253,발달상권,방이동먹자골목,3445188749.0,34.5
20242,발달상권,국회의사당역(국회의사당),3445099561.0,34.5
20233,발달상권,몽촌토성역,3441819947.0,34.4
20243,발달상권,서초3동사거리,3438472395.0,34.4
20253,발달상권,국회의사당역(국회의사당),3434872056.0,34.3
20243,발달상권,몽촌토성역,3431686790.0,34.3
20224,골목상권,성수초등학교,3413810677.0,34.1
20243,발달상권,국회의사당역(국회의사당),3412515492.0,34.1
20233,발달상권,구로디지털단지역,3407081271.0,34.1
20253,발달상권,광화문역,3399766380.0,34.0
20234,발달상권,합정역,3398020138.0,34.0
20252,발달상권,합정역,3397165804.0,34.0
20244,발달상권,방이동먹자골목,3396936404.0,34.0
20241,발달상권,포이사거리(삼호물산),3394093554.0,33.9
20242,골목상권,신대방역 4번,3391897935.0,33.9
20242,발달상권,구로디지털단지역,3391636586.0,33.9
20244,발달상권,몽촌토성역,3390360764.0,33.9
20222,발달상권,경복아파트교차로,3388783465.0,33.9
20224,발달상권,언주역(차병원),3387283546.0,33.9
20221,발달상권,가락시장역,3376370611.0,33.8
20252,골목상권,장안1동주민센터,3376315765.0,33.8
20244,발달상권,포이사거리(삼호물산),3373190907.0,33.7
20224,발달상권,합정역,3373009797.0,33.7
20244,발달상권,광화문역,3369664752.0,33.7
20251,발달상권,노원역,3367582862.0,33.7
20232,발달상권,신당역,3363957748.0,33.6
20222,골목상권,성수초등학교,3359093496.0,33.6
20233,발달상권,길동역,3352660707.0,33.5
20252,발달상권,방이동먹자골목,3349534246.0,33.5
20243,발달상권,목동신시가지,3347175109.0,33.5
20241,발달상권,광화문역,3344693802.0,33.4
20221,발달상권,국회의사당역(국회의사당),3344426140.0,33.4
20251,골목상권,까치산역 3번,3342241478.0,33.4
20223,발달상권,청담사거리(청담동명품거리),3341787286.0,33.4
20244,발달상권,합정역,3341098540.0,33.4
20221,발달상권,합정역,3338947098.0,33.4
20221,발달상권,신사역,3337024624.0,33.4
20223,발달상권,언주역(차병원),3336890475.0,33.4
20244,발달상권,가로수길,3335459402.0,33.4
20241,발달상권,구로디지털단지역,3335337733.0,33.4
20234,발달상권,강서구청,3334437217.0,33.3
20224,발달상권,북창동(시청역_6번),3334132497.0,33.3
20231,발달상권,가로수길,3327584491.0,33.3
20233,골목상권,성수초등학교,3326490139.0,33.3
20221,발달상권,강서구청,3325528467.0,33.3
20242,발달상권,몽촌토성역,3324764879.0,33.2
20243,발달상권,사당역(사당),3323743860.0,33.2
20232,발달상권,방이동먹자골목,3321531997.0,33.2
20233,발달상권,강남을지병원,3316427192.0,33.2
20223,발달상권,포이사거리(삼호물산),3316144646.0,33.2
20252,발달상권,가로수길,3313519126.0,33.1
20232,발달상권,언주역(차병원),3312018511.0,33.1
20223,발달상권,몽촌토성역,3311156982.0,33.1
20233,발달상권,사당역(사당),3310846973.0,33.1
20242,발달상권,합정역,3309910704.0,33.1
20234,발달상권,국회의사당역(국회의사당),3307398824.0,33.1
20224,발달상권,포이사거리(삼호물산),3305528767.0,33.1
20221,발달상권,노원역,3304618601.0,33.0
20244,발달상권,서초3동사거리,3303386933.0,33.0
20224,골목상권,마포구청역 1번,3299092419.0,33.0
20223,발달상권,명동(명동거리),3298835082.0,33.0
20231,발달상권,광화문역,3297461744.0,33.0
20234,발달상권,사당역(사당),3297307498.0,33.0
20223,발달상권,신당역,3291868100.0,32.9
20224,발달상권,길동역,3291746003.0,32.9
20232,발달상권,약수역,3291669880.0,32.9
20253,발달상권,목동신시가지,3289411455.0,32.9
20222,발달상권,길동역,3288390933.0,32.9
20233,골목상권,신대방역 4번,3287137494.0,32.9
20222,발달상권,신당역,3274498745.0,32.7
20251,발달상권,가락시장역,3271768648.0,32.7
20241,발달상권,강서구청,3270038544.0,32.7
20224,발달상권,신당역,3269548946.0,32.7
20234,골목상권,신대방역 4번,3267650329.0,32.7
20221,발달상권,포이사거리(삼호물산),3266508205.0,32.7
20233,발달상권,강남구청역,3264661862.0,32.6
20231,골목상권,성수초등학교,3263795772.0,32.6
20253,발달상권,경복아파트교차로,3262303165.0,32.6
20243,발달상권,언주역(차병원),3259729662.0,32.6
20221,골목상권,마포구청역 1번,3259351265.0,32.6
20234,발달상권,방이동먹자골목,3257847777.0,32.6
20244,골목상권,장안1동주민센터,3254477084.0,32.5
20223,발달상권,신설동역,3253030674.0,32.5
20253,발달상권,사당역(사당),3240842627.0,32.4
20222,발달상권,몽촌토성역,3239185252.0,32.4
20231,발달상권,언주역(차병원),3235110154.0,32.4
20252,발달상권,광화문역,3233168919.0,32.3
20232,발달상권,길동역,3232530141.0,32.3
20233,발달상권,목동신시가지,3229660938.0,32.3
20251,발달상권,경복아파트교차로,3228772723.0,32.3
20231,발달상권,합정역,3225740557.0,32.3
20222,발달상권,청량리역(청량리),3224379343.0,32.2
20223,골목상권,이화달팽이길,3223718148.0,32.2
20223,발달상권,길동역,3220932544.0,32.2
20242,발달상권,사당역(사당),3220460127.0,32.2
20244,발달상권,신당역,3215357342.0,32.2
20223,발달상권,강남구청역,3213991989.0,32.1
20221,발달상권,서울역,3212828248.0,32.1
20241,발달상권,몽촌토성역,3211843744.0,32.1
20243,발달상권,신사역,3211434008.0,32.1
20221,발달상권,방이동먹자골목,3200209411.0,32.0
20242,발달상권,신사역,3198519142.0,32.0
20232,발달상권,목동신시가지,3194842114.0,31.9
20243,발달상권,길동역,3192916461.0,31.9
20222,골목상권,마포구청역 1번,3191858899.0,31.9
20253,발달상권,서초3동사거리,3191531386.0,31.9
20223,발달상권,경복아파트교차로,3189472340.0,31.9
20244,발달상권,사당역(사당),3188945467.0,31.9
20252,발달상권,경복아파트교차로,3186838389.0,31.9
20224,발달상권,강남구청역,3182200174.0,31.8
20222,발달상권,포이사거리(삼호물산),3181404848.0,31.8
20243,발달상권,신당역,3180746815.0,31.8
20241,골목상권,신대방역 4번,3179954193.0,31.8
20233,발달상권,방이동먹자골목,3178843536.0,31.8
20223,골목상권,문래예술촌(문래창작촌),3177564480.0,31.8
20232,발달상권,강남구청역,3177196546.0,31.8
20241,발달상권,신당역,3176089353.0,31.8
20232,발달상권,선정릉역,3175201636.0,31.8
20244,발달상권,경복아파트교차로,3173482831.0,31.7
20223,발달상권,사당역(사당),3171373968.0,31.7
20243,발달상권,종각역,3169493647.0,31.7
20232,발달상권,청담사거리(청담동명품거리),3164628165.0,31.6
20253,발달상권,신당역,3162502345.0,31.6
20253,골목상권,이화달팽이길,3162204034.0,31.6
20234,발달상권,길동역,3161889845.0,31.6
20233,골목상권,이화달팽이길,3155528708.0,31.6
20253,발달상권,길동역,3153276014.0,31.5
20253,발달상권,가로수길,3153273762.0,31.5
20231,발달상권,몽촌토성역,3152374796.0,31.5
20221,발달상권,경복아파트교차로,3150558512.0,31.5
20243,발달상권,신설동역,3148368230.0,31.5
20243,골목상권,신대방역 4번,3147936321.0,31.5
20234,발달상권,언주역(차병원),3147221486.0,31.5
20221,발달상권,몽촌토성역,3147092852.0,31.5
20224,발달상권,청담사거리(청담동명품거리),3145531798.0,31.5
20222,발달상권,청담사거리(청담동명품거리),3144121011.0,31.4
20243,발달상권,강남을지병원,3142675788.0,31.4
20241,골목상권,장안1동주민센터,3142341902.0,31.4
20233,발달상권,신설동역,3141473269.0,31.4
20222,발달상권,강남구청역,3132854300.0,31.3
20244,발달상권,길동역,3128031372.0,31.3
20232,골목상권,이화달팽이길,3127791618.0,31.3
20243,발달상권,청담사거리(청담동명품거리),3127595057.0,31.3
20234,발달상권,강남구청역,3124594047.0,31.2
20252,발달상권,목동신시가지,3123920727.0,31.2
20241,발달상권,방이동먹자골목,3122657563.0,31.2
20223,발달상권,약수역,3120482033.0,31.2
20252,발달상권,사당역(사당),3115996125.0,31.2
20242,발달상권,종각역,3113094276.0,31.1
20222,발달상권,신설동역,3109351910.0,31.1
20224,발달상권,신설동역,3108824904.0,31.1
20232,발달상권,신설동역,3107576079.0,31.1
20243,골목상권,까치산역 3번,3099464109.0,31.0
20242,골목상권,이화달팽이길,3098712331.0,31.0
20244,발달상권,구로디지털단지역,3098089119.0,31.0
20252,발달상권,서초3동사거리,3098034459.0,31.0
20242,발달상권,언주역(차병원),3096993143.0,31.0
20233,골목상권,마포구청역 1번,3093321291.0,30.9
20243,골목상권,이화달팽이길,3088821724.0,30.9
20234,골목상권,성수초등학교,3087110605.0,30.9
20242,발달상권,길동역,3086733693.0,30.9
20253,발달상권,몽촌토성역,3086721950.0,30.9
20251,발달상권,방이동먹자골목,3084838702.0,30.8
20253,발달상권,구로디지털단지역,3082343022.0,30.8
20251,발달상권,가로수길,3081609895.0,30.8
20224,발달상권,약수역,3081109774.0,30.8
20221,발달상권,길동역,3079841341.0,30.8
20241,발달상권,합정역,3077083612.0,30.8
20252,발달상권,종각역,3076715450.0,30.8
20223,발달상권,연신내역,3074941027.0,30.7
20252,골목상권,까치산역 3번,3071656060.0,30.7
20233,발달상권,청담사거리(청담동명품거리),3069609997.0,30.7
20244,발달상권,신사역,3068430350.0,30.7
20253,발달상권,연신내역,3067899216.0,30.7
20234,발달상권,신당역,3063613712.0,30.6
20242,발달상권,신설동역,3062770418.0,30.6
20244,발달상권,종각역,3061769210.0,30.6
20233,골목상권,문래예술촌(문래창작촌),3061408435.0,30.6
20223,발달상권,본서부병원,3058489207.0,30.6
20243,골목상권,성수초등학교,3056738103.0,30.6
20251,발달상권,몽촌토성역,3055199803.0,30.6
20231,발달상권,방이동먹자골목,3054998893.0,30.5
20234,발달상권,약수역,3053080851.0,30.5
20234,발달상권,강남을지병원,3053046977.0,30.5
20221,관광특구,종로·청계 관광특구,3050784376.0,30.5
20233,발달상권,선정릉역,3050747432.0,30.5
20253,발달상권,선정릉역,3046621524.0,30.5
20244,골목상권,이화달팽이길,3045898769.0,30.5
20253,발달상권,강남을지병원,3044629169.0,30.4
20231,발달상권,북창동(시청역_6번),3044555499.0,30.4
20222,발달상권,연신내역,3044476015.0,30.4
20232,발달상권,사당역(사당),3042441727.0,30.4
20231,발달상권,강남을지병원,3040012577.0,30.4
20223,발달상권,서초3동사거리,3037023660.0,30.4
20234,발달상권,종각역,3034543631.0,30.3
20231,발달상권,강남구청역,3034140656.0,30.3
20223,발달상권,북창동(시청역_6번),3032399278.0,30.3
20222,발달상권,사당역(사당),3030590563.0,30.3
20252,발달상권,구로디지털단지역,3030194529.0,30.3
20244,발달상권,언주역(차병원),3023114671.0,30.2
20231,발달상권,신당역,3019567936.0,30.2
20244,발달상권,목동신시가지,3015502246.0,30.2
20221,골목상권,성수초등학교,3006669801.0,30.1
20252,발달상권,몽촌토성역,3006064371.0,30.1
20232,발달상권,강남을지병원,3004706756.0,30.0
20242,골목상권,성수초등학교,3004512366.0,30.0
20253,발달상권,포이사거리(삼호물산),3000676961.0,30.0
20232,골목상권,마포구청역 1번,3000198642.0,30.0
20252,발달상권,신사역,2997730864.0,30.0
20251,골목상권,장안1동주민센터,2996554882.0,30.0
20232,발달상권,본서부병원,2992129296.0,29.9
20222,골목상권,이화달팽이길,2991643101.0,29.9
20241,발달상권,사당역(사당),2990906437.0,29.9
20244,골목상권,신대방역 4번,2988466337.0,29.9
20223,발달상권,선정릉역,2982666057.0,29.8
20231,골목상권,마포구청역 1번,2981337775.0,29.8
20232,발달상권,북창동(시청역_6번),2981009305.0,29.8
20242,발달상권,목동신시가지,2980549759.0,29.8
20252,발달상권,선정릉역,2978324831.0,29.8
20243,발달상권,을지로입구역,2978288264.0,29.8
20252,발달상권,길동역,2975741072.0,29.8
20242,발달상권,강남을지병원,2970905486.0,29.7
20241,골목상권,성수초등학교,2966239984.0,29.7
20231,발달상권,길동역,2964065608.0,29.6
20232,발달상권,연신내역,2962125154.0,29.6
20233,발달상권,북창동(시청역_6번),2961545210.0,29.6
20222,골목상권,문래예술촌(문래창작촌),2959274952.0,29.6
20234,발달상권,신설동역,2958919052.0,29.6
20233,발달상권,서초3동사거리,2954554923.0,29.5
20222,발달상권,본서부병원,2954215861.0,29.5
20242,발달상권,청담사거리(청담동명품거리),2951883324.0,29.5
20234,발달상권,미아사거리역,2951174134.0,29.5
20232,발달상권,보라매공원,2944630632.0,29.4
20224,골목상권,문래예술촌(문래창작촌),2937498655.0,29.4
20252,골목상권,이화달팽이길,2934479033.0,29.3
20241,발달상권,종각역,2933851921.0,29.3
20243,발달상권,경복아파트교차로,2931842946.0,29.3
20242,발달상권,충무로역,2930865859.0,29.3
20222,발달상권,언주역(차병원),2928996774.0,29.3
20231,발달상권,약수역,2924774497.0,29.2
20251,발달상권,서초3동사거리,2920976082.0,29.2
20242,발달상권,연신내역,2919786622.0,29.2
20252,발달상권,신당역,2919748560.0,29.2
20221,발달상권,강남구청역,2918854636.0,29.2
20222,발달상권,약수역,2918717176.0,29.2
20224,발달상권,사당역(사당),2918688213.0,29.2
20231,발달상권,청량리역(청량리),2916005347.0,29.2
20253,발달상권,언주역(차병원),2915987534.0,29.2
20243,발달상권,강남구청역,2915745532.0,29.2
20243,발달상권,선정릉역,2913656524.0,29.1
20234,골목상권,이화달팽이길,2913582086.0,29.1
20253,골목상권,까치산역 3번,2912507953.0,29.1
20223,발달상권,양재역,2909559131.0,29.1
20251,발달상권,사당역(사당),2909251395.0,29.1
20223,발달상권,목동역 8번출구,2909232517.0,29.1
20224,발달상권,경복아파트교차로,2907588072.0,29.1
20251,발달상권,신사역,2907221102.0,29.1
20224,발달상권,본서부병원,2906380917.0,29.1
20223,발달상권,보라매공원,2904556243.0,29.0
20244,발달상권,청담사거리(청담동명품거리),2896348893.0,29.0
20234,발달상권,충무로역,2895945304.0,29.0
20234,발달상권,청담사거리(청담동명품거리),2891711864.0,28.9
20252,발달상권,강남을지병원,2891329915.0,28.9
20244,발달상권,선정릉역,2887683153.0,28.9
20222,발달상권,선정릉역,2886643803.0,28.9
20241,발달상권,강남구청역,2884750901.0,28.8
20251,발달상권,길동역,2883311275.0,28.8
20251,발달상권,국회의사당역(국회의사당),2880432783.0,28.8
20242,발달상권,강남구청역,2877030020.0,28.8
20231,발달상권,신설동역,2875367125.0,28.8
20233,발달상권,본서부병원,2871911849.0,28.7
20243,발달상권,화곡역,2868916479.0,28.7
20243,발달상권,연신내역,2868748569.0,28.7
20241,발달상권,길동역,2868368165.0,28.7
20242,발달상권,화곡역,2866923767.0,28.7
20224,발달상권,목동신시가지,2866432427.0,28.7
20244,발달상권,신설동역,2866170345.0,28.7
20223,발달상권,서울역,2866006266.0,28.7
20233,발달상권,연신내역,2865779516.0,28.7
20242,골목상권,까치산역 3번,2865297934.0,28.7
20234,발달상권,북창동(시청역_6번),2858057615.0,28.6
20242,발달상권,선정릉역,2856630413.0,28.6
20222,발달상권,서초3동사거리,2853256233.0,28.5
20234,발달상권,청량리역(청량리),2852608964.0,28.5
20224,발달상권,강남을지병원,2851065624.0,28.5
20244,발달상권,강남을지병원,2850098547.0,28.5
20234,발달상권,목동신시가지,2849971740.0,28.5
20241,발달상권,신설동역,2843592930.0,28.4
20224,발달상권,연신내역,2843424338.0,28.4
20242,발달상권,영등포구청역,2842823800.0,28.4
20241,발달상권,강남을지병원,2842349526.0,28.4
20233,발달상권,화곡역,2840527017.0,28.4
20253,발달상권,강남구청역,2838045527.0,28.4
20222,발달상권,학동사거리,2834099832.0,28.3
20231,발달상권,청담사거리(청담동명품거리),2833978271.0,28.3
20242,발달상권,본서부병원,2833554504.0,28.3
20242,발달상권,경복아파트교차로,2824848350.0,28.2
20224,골목상권,이화달팽이길,2824009836.0,28.2
20251,발달상권,구로디지털단지역,2819305683.0,28.2
20232,발달상권,화곡역,2819263050.0,28.2
20224,발달상권,청량리역(청량리),2816206830.0,28.2
20244,골목상권,까치산역 3번,2816195326.0,28.2
20242,발달상권,미아사거리역,2813186321.0,28.1
20233,발달상권,보라매공원,2812658687.0,28.1
20251,발달상권,합정역,2810154929.0,28.1
20222,발달상권,서울시청,2805502931.0,28.1
20242,발달상권,청량리역(청량리),2803887366.0,28.0
20243,발달상권,충무로역,2803513260.0,28.0
20231,발달상권,경복아파트교차로,2803160543.0,28.0
20241,발달상권,연신내역,2802790893.0,28.0
20253,골목상권,성수초등학교,2799090103.0,28.0
20222,발달상권,강남을지병원,2798706727.0,28.0
20242,발달상권,서초3동사거리,2796675161.0,28.0
20241,발달상권,언주역(차병원),2794629650.0,27.9
20223,발달상권,강남을지병원,2792126044.0,27.9
20231,발달상권,목동신시가지,2790665837.0,27.9
20222,발달상권,"강남구청(청담역_8번, 강남세무서)",2790532164.0,27.9
20253,발달상권,을지로입구역,2787365650.0,27.9
20233,발달상권,충무로역,2786872458.0,27.9
20223,발달상권,학동역,2786689627.0,27.9
20232,발달상권,서초3동사거리,2786103918.0,27.9
20224,발달상권,서초3동사거리,2785718793.0,27.9
20222,발달상권,명동(명동거리),2785485687.0,27.9
20252,발달상권,언주역(차병원),2783820217.0,27.8
20222,발달상권,목동역 8번출구,2782729383.0,27.8
20242,발달상권,북창동(시청역_6번),2782689973.0,27.8
20232,발달상권,청량리역(청량리),2781021622.0,27.8
20223,발달상권,당산역,2775933888.0,27.8
20251,발달상권,광화문역,2774259001.0,27.7
20222,발달상권,북창동(시청역_6번),2772478774.0,27.7
20253,발달상권,용산전자상가(용산역),2769273762.0,27.7
20234,발달상권,화곡역,2767891823.0,27.7
20244,발달상권,강남구청역,2765229193.0,27.7
20253,발달상권,신사역,2764533738.0,27.6
20231,발달상권,본서부병원,2761616788.0,27.6
20243,발달상권,북창동(시청역_6번),2761553352.0,27.6
20234,발달상권,본서부병원,2758316214.0,27.6
20242,발달상권,약수역,2751016605.0,27.5
20221,발달상권,신설동역,2750895174.0,27.5
20234,발달상권,연신내역,2750600617.0,27.5
20251,골목상권,이화달팽이길,2748547530.0,27.5
20221,발달상권,청량리역(청량리),2746619258.0,27.5
20232,골목상권,문래예술촌(문래창작촌),2745803344.0,27.5
20233,발달상권,경복아파트교차로,2745207171.0,27.5
20253,발달상권,청담사거리(청담동명품거리),2744628519.0,27.4
20243,발달상권,영등포구청역,2743983317.0,27.4
20253,골목상권,문래예술촌(문래창작촌),2743969834.0,27.4
20233,발달상권,청량리역(청량리),2743824965.0,27.4
20241,발달상권,충무로역,2743320971.0,27.4
20223,발달상권,"강남구청(청담역_8번, 강남세무서)",2742703111.0,27.4
20221,발달상권,강남을지병원,2740750375.0,27.4
20231,발달상권,연신내역,2740354027.0,27.4
20234,발달상권,선정릉역,2738026143.0,27.4
20253,발달상권,화곡역,2737865324.0,27.4
20221,골목상권,이화달팽이길,2737791335.0,27.4
20232,발달상권,경복아파트교차로,2736857006.0,27.4
20233,발달상권,을지로입구역,2736794965.0,27.4
20221,발달상권,서초3동사거리,2736718745.0,27.4
20233,발달상권,목동역 8번출구,2734434165.0,27.3
20251,골목상권,신대방역 4번,2732925902.0,27.3
20253,발달상권,충무로역,2729307614.0,27.3
20242,발달상권,"강남구청(청담역_8번, 강남세무서)",2726572185.0,27.3
20253,발달상권,청량리역(청량리),2726350928.0,27.3
20251,발달상권,신당역,2725249136.0,27.3
20223,발달상권,학동사거리,2722875110.0,27.2
20222,발달상권,당산역,2722769365.0,27.2
20244,발달상권,북창동(시청역_6번),2720885489.0,27.2
20224,발달상권,목동역 8번출구,2719005827.0,27.2
20241,발달상권,북창동(시청역_6번),2717618378.0,27.2
20241,발달상권,목동신시가지,2715895585.0,27.2
20244,발달상권,영등포구청역,2715700926.0,27.2
20252,골목상권,신대방역 4번,2712433874.0,27.1
20231,발달상권,영등포구청역,2712334090.0,27.1
20252,발달상권,포이사거리(삼호물산),2706900459.0,27.1
20243,발달상권,약수역,2706070263.0,27.1
20251,발달상권,종각역,2705996339.0,27.1
20221,발달상권,신당역,2705570659.0,27.1
20221,골목상권,문래예술촌(문래창작촌),2705215444.0,27.1
20251,발달상권,목동신시가지,2699937724.0,27.0
20241,발달상권,국회의사당역(국회의사당),2699108252.0,27.0
20242,발달상권,을지로입구역,2694789626.0,26.9
20243,골목상권,문래예술촌(문래창작촌),2694342118.0,26.9
20241,발달상권,청량리역(청량리),2691753551.0,26.9
20233,발달상권,학동사거리,2691259730.0,26.9
20221,발달상권,청담사거리(청담동명품거리),2690743360.0,26.9
20233,발달상권,"강남구청(청담역_8번, 강남세무서)",2689886433.0,26.9
20224,발달상권,학동역,2684502351.0,26.8
20241,발달상권,미아사거리역,2683806397.0,26.8
20243,발달상권,미아사거리역,2682018631.0,26.8
20242,골목상권,문래예술촌(문래창작촌),2678197409.0,26.8
20244,골목상권,성수초등학교,2676852085.0,26.8
20243,발달상권,청량리역(청량리),2676409011.0,26.8
20223,발달상권,연희동,2673507951.0,26.7
20223,골목상권,한울중학교,2670365584.0,26.7
20244,발달상권,화곡역,2670021874.0,26.7
20222,발달상권,양재역,2669718038.0,26.7
20223,골목상권,신방화역 2번,2666404594.0,26.7
20234,골목상권,문래예술촌(문래창작촌),2665465520.0,26.7
20221,발달상권,약수역,2665397462.0,26.7
20234,발달상권,경복아파트교차로,2665278010.0,26.7
20244,발달상권,미아사거리역,2665241511.0,26.7
20241,골목상권,까치산역 3번,2664907169.0,26.6
20232,발달상권,가로수길,2663763883.0,26.6
20232,발달상권,영등포구청역,2661299563.0,26.6
20234,발달상권,영등포구청역,2660667377.0,26.6
20253,발달상권,영등포구청역,2660218261.0,26.6
20233,발달상권,학동역,2659584224.0,26.6
20223,발달상권,논현역,2657708932.0,26.6
20223,발달상권,영등포구청역,2654471671.0,26.5
20251,발달상권,포이사거리(삼호물산),2654235378.0,26.5
20232,발달상권,을지로입구역,2652701733.0,26.5
20252,발달상권,강남구청역,2652670191.0,26.5
20232,발달상권,연희동,2651953426.0,26.5
20241,발달상권,영등포구청역,2648762470.0,26.5
20253,발달상권,북창동(시청역_6번),2648039884.0,26.5
20231,골목상권,문래예술촌(문래창작촌),2645771670.0,26.5
20244,발달상권,연신내역,2641365031.0,26.4
20221,발달상권,광화문역,2640921558.0,26.4
20241,골목상권,이화달팽이길,2639317815.0,26.4
20253,발달상권,학동역,2638790726.0,26.4
20231,발달상권,포이사거리(삼호물산),2638742505.0,26.4
20244,발달상권,을지로입구역,2638417465.0,26.4
20224,발달상권,당산역,2637616957.0,26.4
